From,Entry,Reviewed,Entry Name,Protein names,Gene Names,Organism,Length,Gene Ontology (biological process),Gene Ontology (cellular component),Gene Ontology (GO),Gene Ontology (molecular function)
P12236,P12236,reviewed,ADT3_HUMAN,"ADP/ATP translocase 3 (ADP,ATP carrier protein 3) (ADP,ATP carrier protein, isoform T2) (ANT 2) (Adenine nucleotide translocator 3) (ANT 3) (Solute carrier family 25 member 6) [Cleaved into: ADP/ATP translocase 3, N-terminally processed]",SLC25A6 AAC3 ANT3 CDABP0051,Homo sapiens (Human),298,apoptotic process [GO:0006915]; mitochondrial ADP transmembrane transport [GO:0140021]; mitochondrial ATP transmembrane transport [GO:1990544]; negative regulation of mitochondrial outer membrane permeabilization involved in apoptotic signaling pathway [GO:1901029],membrane [GO:0016020]; mitochondrial inner membrane [GO:0005743]; mitochondrion [GO:0005739]; nucleus [GO:0005634]; TIM23 mitochondrial import inner membrane translocase complex [GO:0005744],membrane [GO:0016020]; mitochondrial inner membrane [GO:0005743]; mitochondrion [GO:0005739]; nucleus [GO:0005634]; TIM23 mitochondrial import inner membrane translocase complex [GO:0005744]; ATP:ADP antiporter activity [GO:0005471]; apoptotic process [GO:0006915]; mitochondrial ADP transmembrane transport [GO:0140021]; mitochondrial ATP transmembrane transport [GO:1990544]; negative regulation of mitochondrial outer membrane permeabilization involved in apoptotic signaling pathway [GO:1901029],ATP:ADP antiporter activity [GO:0005471]
O00483,O00483,reviewed,CXFA4_HUMAN,Cytochrome c oxidase subunit FA4 (Complex I-MLRQ) (CI-MLRQ) (Cytochrome c oxidase subunit NDUFA4) (NADH-ubiquinone oxidoreductase MLRQ subunit),COXFA4 NDUFA4,Homo sapiens (Human),81,"cellular respiration [GO:0045333]; mitochondrial electron transport, cytochrome c to oxygen [GO:0006123]; mitochondrial electron transport, NADH to ubiquinone [GO:0006120]",mitochondrial inner membrane [GO:0005743]; mitochondrial membrane [GO:0031966]; mitochondrion [GO:0005739]; respiratory chain complex I [GO:0045271]; respiratory chain complex IV [GO:0045277],"mitochondrial inner membrane [GO:0005743]; mitochondrial membrane [GO:0031966]; mitochondrion [GO:0005739]; respiratory chain complex I [GO:0045271]; respiratory chain complex IV [GO:0045277]; NADH dehydrogenase (ubiquinone) activity [GO:0008137]; protein-containing complex binding [GO:0044877]; cellular respiration [GO:0045333]; mitochondrial electron transport, cytochrome c to oxygen [GO:0006123]; mitochondrial electron transport, NADH to ubiquinone [GO:0006120]",NADH dehydrogenase (ubiquinone) activity [GO:0008137]; protein-containing complex binding [GO:0044877]
P02794,P02794,reviewed,FRIH_HUMAN,"Ferritin heavy chain (Ferritin H subunit) (EC 1.16.3.1) (Cell proliferation-inducing gene 15 protein) [Cleaved into: Ferritin heavy chain, N-terminally processed]",FTH1 FTH FTHL6 OK/SW-cl.84 PIG15,Homo sapiens (Human),183,immune response [GO:0006955]; intracellular iron ion homeostasis [GO:0006879]; iron ion transport [GO:0006826]; negative regulation of cell population proliferation [GO:0008285]; negative regulation of ferroptosis [GO:0110076]; negative regulation of fibroblast proliferation [GO:0048147],autolysosome [GO:0044754]; autophagosome [GO:0005776]; cytoplasm [GO:0005737]; cytosol [GO:0005829]; extracellular exosome [GO:0070062]; extracellular region [GO:0005576]; ferritin complex [GO:0070288]; ficolin-1-rich granule lumen [GO:1904813]; nucleus [GO:0005634]; tertiary granule lumen [GO:1904724],autolysosome [GO:0044754]; autophagosome [GO:0005776]; cytoplasm [GO:0005737]; cytosol [GO:0005829]; extracellular exosome [GO:0070062]; extracellular region [GO:0005576]; ferritin complex [GO:0070288]; ficolin-1-rich granule lumen [GO:1904813]; nucleus [GO:0005634]; tertiary granule lumen [GO:1904724]; ferric iron binding [GO:0008199]; ferrous iron binding [GO:0008198]; ferroxidase activity [GO:0004322]; identical protein binding [GO:0042802]; iron ion binding [GO:0005506]; iron ion sequestering activity [GO:0140315]; immune response [GO:0006955]; intracellular iron ion homeostasis [GO:0006879]; iron ion transport [GO:0006826]; negative regulation of cell population proliferation [GO:0008285]; negative regulation of ferroptosis [GO:0110076]; negative regulation of fibroblast proliferation [GO:0048147],ferric iron binding [GO:0008199]; ferrous iron binding [GO:0008198]; ferroxidase activity [GO:0004322]; identical protein binding [GO:0042802]; iron ion binding [GO:0005506]; iron ion sequestering activity [GO:0140315]
Q5VXT5,Q5VXT5,reviewed,SYPL2_HUMAN,Synaptophysin-like protein 2,SYPL2,Homo sapiens (Human),272,heart development [GO:0007507]; intracellular calcium ion homeostasis [GO:0006874]; substantia nigra development [GO:0021762]; T-tubule organization [GO:0033292],synaptic vesicle membrane [GO:0030672],synaptic vesicle membrane [GO:0030672]; heart development [GO:0007507]; intracellular calcium ion homeostasis [GO:0006874]; substantia nigra development [GO:0021762]; T-tubule organization [GO:0033292],
P54652,P54652,reviewed,HSP72_HUMAN,Heat shock-related 70 kDa protein 2 (Heat shock 70 kDa protein 2) (Heat shock protein family A member 2),HSPA2,Homo sapiens (Human),639,male meiosis I [GO:0007141]; male meiotic nuclear division [GO:0007140]; negative regulation of inclusion body assembly [GO:0090084]; positive regulation of G2/M transition of mitotic cell cycle [GO:0010971]; protein refolding [GO:0042026]; response to cold [GO:0009409]; response to heat [GO:0009408]; response to unfolded protein [GO:0006986]; spermatid development [GO:0007286]; spermatogenesis [GO:0007283]; synaptonemal complex disassembly [GO:0070194],blood microparticle [GO:0072562]; CatSper complex [GO:0036128]; cell surface [GO:0009986]; cytoplasm [GO:0005737]; cytosol [GO:0005829]; extracellular exosome [GO:0070062]; male germ cell nucleus [GO:0001673]; meiotic spindle [GO:0072687]; membrane [GO:0016020]; nucleus [GO:0005634]; plasma membrane [GO:0005886]; synaptonemal complex [GO:0000795],blood microparticle [GO:0072562]; CatSper complex [GO:0036128]; cell surface [GO:0009986]; cytoplasm [GO:0005737]; cytosol [GO:0005829]; extracellular exosome [GO:0070062]; male germ cell nucleus [GO:0001673]; meiotic spindle [GO:0072687]; membrane [GO:0016020]; nucleus [GO:0005634]; plasma membrane [GO:0005886]; synaptonemal complex [GO:0000795]; ATP binding [GO:0005524]; ATP hydrolysis activity [GO:0016887]; ATP-dependent protein folding chaperone [GO:0140662]; disordered domain specific binding [GO:0097718]; enzyme binding [GO:0019899]; glycolipid binding [GO:0051861]; heat shock protein binding [GO:0031072]; protein folding chaperone [GO:0044183]; protein-folding chaperone binding [GO:0051087]; tau protein binding [GO:0048156]; unfolded protein binding [GO:0051082]; male meiosis I [GO:0007141]; male meiotic nuclear division [GO:0007140]; negative regulation of inclusion body assembly [GO:0090084]; positive regulation of G2/M transition of mitotic cell cycle [GO:0010971]; protein refolding [GO:0042026]; response to cold [GO:0009409]; response to heat [GO:0009408]; response to unfolded protein [GO:0006986]; spermatid development [GO:0007286]; spermatogenesis [GO:0007283]; synaptonemal complex disassembly [GO:0070194],ATP binding [GO:0005524]; ATP hydrolysis activity [GO:0016887]; ATP-dependent protein folding chaperone [GO:0140662]; disordered domain specific binding [GO:0097718]; enzyme binding [GO:0019899]; glycolipid binding [GO:0051861]; heat shock protein binding [GO:0031072]; protein folding chaperone [GO:0044183]; protein-folding chaperone binding [GO:0051087]; tau protein binding [GO:0048156]; unfolded protein binding [GO:0051082]
Q96IX5,Q96IX5,reviewed,ATPMK_HUMAN,"ATP synthase F(0) complex subunit k, mitochondrial (ATP synthase membrane subunit DAPIT, mitochondrial) (Diabetes-associated protein in insulin-sensitive tissues) (HCV F-transactivated protein 2) (Up-regulated during skeletal muscle growth protein 5)",ATP5MK ATP5MD DAPIT HCVFTP2 USMG5 PD04912,Homo sapiens (Human),58,proton motive force-driven ATP synthesis [GO:0015986],mitochondrial inner membrane [GO:0005743]; mitochondrion [GO:0005739]; proton-transporting ATP synthase complex [GO:0045259],mitochondrial inner membrane [GO:0005743]; mitochondrion [GO:0005739]; proton-transporting ATP synthase complex [GO:0045259]; proton motive force-driven ATP synthesis [GO:0015986],
Q9UM54,Q9UM54,reviewed,MYO6_HUMAN,Unconventional myosin-VI (Unconventional myosin-6),MYO6 KIAA0389,Homo sapiens (Human),1294,"actin filament organization [GO:0007015]; actin filament-based movement [GO:0030048]; DNA damage response, signal transduction by p53 class mediator [GO:0030330]; endocytosis [GO:0006897]; inner ear auditory receptor cell differentiation [GO:0042491]; inner ear morphogenesis [GO:0042472]; intracellular protein localization [GO:0008104]; intracellular protein transport [GO:0006886]; regulation of secretion [GO:0051046]; response to xenobiotic stimulus [GO:0009410]; sensory perception of sound [GO:0007605]",actin cytoskeleton [GO:0015629]; actin filament [GO:0005884]; apical part of cell [GO:0045177]; autophagosome [GO:0005776]; cell cortex [GO:0005938]; clathrin-coated pit [GO:0005905]; clathrin-coated vesicle membrane [GO:0030665]; cytoplasm [GO:0005737]; cytoplasmic vesicle [GO:0031410]; cytosol [GO:0005829]; endocytic vesicle [GO:0030139]; endosome [GO:0005768]; extracellular exosome [GO:0070062]; filamentous actin [GO:0031941]; filopodium [GO:0030175]; Golgi apparatus [GO:0005794]; lysosomal membrane [GO:0005765]; membrane [GO:0016020]; microvillus [GO:0005902]; nuclear membrane [GO:0031965]; nucleoplasm [GO:0005654]; nucleus [GO:0005634]; perinuclear region of cytoplasm [GO:0048471]; plasma membrane [GO:0005886]; ruffle [GO:0001726]; ruffle membrane [GO:0032587]; unconventional myosin complex [GO:0016461],"actin cytoskeleton [GO:0015629]; actin filament [GO:0005884]; apical part of cell [GO:0045177]; autophagosome [GO:0005776]; cell cortex [GO:0005938]; clathrin-coated pit [GO:0005905]; clathrin-coated vesicle membrane [GO:0030665]; cytoplasm [GO:0005737]; cytoplasmic vesicle [GO:0031410]; cytosol [GO:0005829]; endocytic vesicle [GO:0030139]; endosome [GO:0005768]; extracellular exosome [GO:0070062]; filamentous actin [GO:0031941]; filopodium [GO:0030175]; Golgi apparatus [GO:0005794]; lysosomal membrane [GO:0005765]; membrane [GO:0016020]; microvillus [GO:0005902]; nuclear membrane [GO:0031965]; nucleoplasm [GO:0005654]; nucleus [GO:0005634]; perinuclear region of cytoplasm [GO:0048471]; plasma membrane [GO:0005886]; ruffle [GO:0001726]; ruffle membrane [GO:0032587]; unconventional myosin complex [GO:0016461]; actin binding [GO:0003779]; actin filament binding [GO:0051015]; ADP binding [GO:0043531]; ATP binding [GO:0005524]; calmodulin binding [GO:0005516]; cytoskeletal motor activity [GO:0003774]; identical protein binding [GO:0042802]; microfilament motor activity [GO:0000146]; minus-end directed microfilament motor activity [GO:0060001]; actin filament organization [GO:0007015]; actin filament-based movement [GO:0030048]; DNA damage response, signal transduction by p53 class mediator [GO:0030330]; endocytosis [GO:0006897]; inner ear auditory receptor cell differentiation [GO:0042491]; inner ear morphogenesis [GO:0042472]; intracellular protein localization [GO:0008104]; intracellular protein transport [GO:0006886]; regulation of secretion [GO:0051046]; response to xenobiotic stimulus [GO:0009410]; sensory perception of sound [GO:0007605]",actin binding [GO:0003779]; actin filament binding [GO:0051015]; ADP binding [GO:0043531]; ATP binding [GO:0005524]; calmodulin binding [GO:0005516]; cytoskeletal motor activity [GO:0003774]; identical protein binding [GO:0042802]; microfilament motor activity [GO:0000146]; minus-end directed microfilament motor activity [GO:0060001]
P26678,P26678,reviewed,PPLA_HUMAN,Phospholamban (PLB),PLN PLB,Homo sapiens (Human),52,"acrosome assembly [GO:0001675]; adenylate cyclase-activating adrenergic receptor signaling pathway involved in heart process [GO:0086023]; blood circulation [GO:0008015]; calcium ion transport [GO:0006816]; cardiac muscle tissue development [GO:0048738]; circadian sleep/wake cycle, sleep [GO:0050802]; intracellular calcium ion homeostasis [GO:0006874]; locomotor rhythm [GO:0045475]; muscle cell cellular homeostasis [GO:0046716]; negative regulation of ATPase-coupled calcium transmembrane transporter activity [GO:1901895]; negative regulation of calcium ion import [GO:0090281]; negative regulation of calcium ion import into sarcoplasmic reticulum [GO:1902081]; negative regulation of calcium ion transport [GO:0051926]; negative regulation of heart rate [GO:0010459]; Notch signaling pathway [GO:0007219]; regulation of ATPase-coupled calcium transmembrane transporter activity [GO:1901894]; regulation of calcium ion transport [GO:0051924]; regulation of cardiac muscle cell contraction [GO:0086004]; regulation of cardiac muscle cell membrane potential [GO:0086036]; regulation of cardiac muscle contraction by regulation of the release of sequestered calcium ion [GO:0010881]; regulation of cytosolic calcium ion concentration [GO:0051480]; regulation of heart contraction [GO:0008016]; regulation of relaxation of cardiac muscle [GO:1901897]; regulation of the force of heart contraction [GO:0002026]; regulation of the force of heart contraction by cardiac conduction [GO:0086092]; relaxation of cardiac muscle [GO:0055119]; response to insulin [GO:0032868]; response to testosterone [GO:0033574]; response to zinc ion [GO:0010043]; visual learning [GO:0008542]",calcium ion-transporting ATPase complex [GO:0090534]; endoplasmic reticulum [GO:0005783]; endoplasmic reticulum membrane [GO:0005789]; membrane [GO:0016020]; mitochondrial membrane [GO:0031966]; mitochondrion [GO:0005739]; perinuclear region of cytoplasm [GO:0048471]; phospholamban complex [GO:1990629]; sarcoplasmic reticulum [GO:0016529]; sarcoplasmic reticulum membrane [GO:0033017]; vesicle [GO:0031982],"calcium ion-transporting ATPase complex [GO:0090534]; endoplasmic reticulum [GO:0005783]; endoplasmic reticulum membrane [GO:0005789]; membrane [GO:0016020]; mitochondrial membrane [GO:0031966]; mitochondrion [GO:0005739]; perinuclear region of cytoplasm [GO:0048471]; phospholamban complex [GO:1990629]; sarcoplasmic reticulum [GO:0016529]; sarcoplasmic reticulum membrane [GO:0033017]; vesicle [GO:0031982]; ATPase binding [GO:0051117]; ATPase inhibitor activity [GO:0042030]; enzyme inhibitor activity [GO:0004857]; identical protein binding [GO:0042802]; protein homodimerization activity [GO:0042803]; transmembrane transporter binding [GO:0044325]; transporter inhibitor activity [GO:0141110]; acrosome assembly [GO:0001675]; adenylate cyclase-activating adrenergic receptor signaling pathway involved in heart process [GO:0086023]; blood circulation [GO:0008015]; calcium ion transport [GO:0006816]; cardiac muscle tissue development [GO:0048738]; circadian sleep/wake cycle, sleep [GO:0050802]; intracellular calcium ion homeostasis [GO:0006874]; locomotor rhythm [GO:0045475]; muscle cell cellular homeostasis [GO:0046716]; negative regulation of ATPase-coupled calcium transmembrane transporter activity [GO:1901895]; negative regulation of calcium ion import [GO:0090281]; negative regulation of calcium ion import into sarcoplasmic reticulum [GO:1902081]; negative regulation of calcium ion transport [GO:0051926]; negative regulation of heart rate [GO:0010459]; Notch signaling pathway [GO:0007219]; regulation of ATPase-coupled calcium transmembrane transporter activity [GO:1901894]; regulation of calcium ion transport [GO:0051924]; regulation of cardiac muscle cell contraction [GO:0086004]; regulation of cardiac muscle cell membrane potential [GO:0086036]; regulation of cardiac muscle contraction by regulation of the release of sequestered calcium ion [GO:0010881]; regulation of cytosolic calcium ion concentration [GO:0051480]; regulation of heart contraction [GO:0008016]; regulation of relaxation of cardiac muscle [GO:1901897]; regulation of the force of heart contraction [GO:0002026]; regulation of the force of heart contraction by cardiac conduction [GO:0086092]; relaxation of cardiac muscle [GO:0055119]; response to insulin [GO:0032868]; response to testosterone [GO:0033574]; response to zinc ion [GO:0010043]; visual learning [GO:0008542]",ATPase binding [GO:0051117]; ATPase inhibitor activity [GO:0042030]; enzyme inhibitor activity [GO:0004857]; identical protein binding [GO:0042802]; protein homodimerization activity [GO:0042803]; transmembrane transporter binding [GO:0044325]; transporter inhibitor activity [GO:0141110]
Q8NDY3,Q8NDY3,reviewed,ARHL1_HUMAN,Inactive ADP-ribosyltransferase ARH2 (ADP-ribosylhydrolase-like protein 1) ([Protein ADP-ribosylarginine] hydrolase-like protein 1),ADPRHL1 ARH2,Homo sapiens (Human),354,cardiac chamber ballooning [GO:0003242]; cardiac myofibril assembly [GO:0055003]; protein de-ADP-ribosylation [GO:0051725],sarcomere [GO:0030017],sarcomere [GO:0030017]; ADP-ribosylarginine hydrolase activity [GO:0003875]; magnesium ion binding [GO:0000287]; cardiac chamber ballooning [GO:0003242]; cardiac myofibril assembly [GO:0055003]; protein de-ADP-ribosylation [GO:0051725],ADP-ribosylarginine hydrolase activity [GO:0003875]; magnesium ion binding [GO:0000287]
A8MU46,A8MU46,reviewed,SMTL1_HUMAN,Smoothelin-like protein 1,SMTNL1,Homo sapiens (Human),494,muscle organ morphogenesis [GO:0048644]; negative regulation of DNA-templated transcription [GO:0045892]; positive regulation of vasoconstriction [GO:0045907]; response to activity [GO:0014823]; response to xenobiotic stimulus [GO:0009410]; vasoconstriction [GO:0042310],contractile muscle fiber [GO:0043292]; cytoplasm [GO:0005737]; I band [GO:0031674]; M band [GO:0031430]; nucleus [GO:0005634],contractile muscle fiber [GO:0043292]; cytoplasm [GO:0005737]; I band [GO:0031674]; M band [GO:0031430]; nucleus [GO:0005634]; calmodulin binding [GO:0005516]; CH domain binding [GO:0051401]; disordered domain specific binding [GO:0097718]; protein phosphatase 1 binding [GO:0008157]; tropomyosin binding [GO:0005523]; muscle organ morphogenesis [GO:0048644]; negative regulation of DNA-templated transcription [GO:0045892]; positive regulation of vasoconstriction [GO:0045907]; response to activity [GO:0014823]; response to xenobiotic stimulus [GO:0009410]; vasoconstriction [GO:0042310],calmodulin binding [GO:0005516]; CH domain binding [GO:0051401]; disordered domain specific binding [GO:0097718]; protein phosphatase 1 binding [GO:0008157]; tropomyosin binding [GO:0005523]
Q99643,Q99643,reviewed,C560_HUMAN,"Succinate dehydrogenase cytochrome b560 subunit, mitochondrial (Integral membrane protein CII-3) (Malate dehydrogenase [quinone] cytochrome b560 subunit) (QPs-1) (QPs1) (Succinate dehydrogenase complex subunit C) (Succinate-ubiquinone oxidoreductase cytochrome B large subunit) (CYBL)",SDHC CYB560 SDH3,Homo sapiens (Human),169,"aerobic respiration [GO:0009060]; mitochondrial electron transport, succinate to ubiquinone [GO:0006121]; proton motive force-driven mitochondrial ATP synthesis [GO:0042776]; tricarboxylic acid cycle [GO:0006099]",membrane [GO:0016020]; mitochondrial inner membrane [GO:0005743]; mitochondrion [GO:0005739]; respiratory chain complex II (succinate dehydrogenase) [GO:0045273],"membrane [GO:0016020]; mitochondrial inner membrane [GO:0005743]; mitochondrion [GO:0005739]; respiratory chain complex II (succinate dehydrogenase) [GO:0045273]; electron transfer activity [GO:0009055]; heme binding [GO:0020037]; metal ion binding [GO:0046872]; aerobic respiration [GO:0009060]; mitochondrial electron transport, succinate to ubiquinone [GO:0006121]; proton motive force-driven mitochondrial ATP synthesis [GO:0042776]; tricarboxylic acid cycle [GO:0006099]",electron transfer activity [GO:0009055]; heme binding [GO:0020037]; metal ion binding [GO:0046872]
O00330,O00330,reviewed,ODPX_HUMAN,"Pyruvate dehydrogenase protein X component, mitochondrial (Dihydrolipoamide dehydrogenase-binding protein of pyruvate dehydrogenase complex) (E3-binding protein) (E3BP) (Lipoyl-containing pyruvate dehydrogenase complex component X) (proX)",PDHX PDX1,Homo sapiens (Human),501,pyruvate decarboxylation to acetyl-CoA [GO:0006086],mitochondrial matrix [GO:0005759]; mitochondrion [GO:0005739]; nucleoplasm [GO:0005654]; plasma membrane [GO:0005886]; pyruvate dehydrogenase complex [GO:0045254],mitochondrial matrix [GO:0005759]; mitochondrion [GO:0005739]; nucleoplasm [GO:0005654]; plasma membrane [GO:0005886]; pyruvate dehydrogenase complex [GO:0045254]; dihydrolipoyllysine-residue acetyltransferase activity [GO:0004742]; pyruvate decarboxylation to acetyl-CoA [GO:0006086],dihydrolipoyllysine-residue acetyltransferase activity [GO:0004742]
Q92523,Q92523,reviewed,CPT1B_HUMAN,"Carnitine O-palmitoyltransferase 1, muscle isoform (CPT1-M) (EC 2.3.1.21) (Carnitine O-palmitoyltransferase I, muscle isoform) (CPT I) (CPTI-M) (Carnitine palmitoyltransferase 1B) (Carnitine palmitoyltransferase I-like protein)",CPT1B KIAA1670,Homo sapiens (Human),772,carnitine metabolic process [GO:0009437]; carnitine shuttle [GO:0006853]; fatty acid beta-oxidation [GO:0006635]; fatty acid metabolic process [GO:0006631]; long-chain fatty acid transport [GO:0015909]; response to blue light [GO:0009637],mitochondrial intermembrane space [GO:0005758]; mitochondrial outer membrane [GO:0005741]; mitochondrion [GO:0005739],mitochondrial intermembrane space [GO:0005758]; mitochondrial outer membrane [GO:0005741]; mitochondrion [GO:0005739]; carnitine O-palmitoyltransferase activity [GO:0004095]; carnitine metabolic process [GO:0009437]; carnitine shuttle [GO:0006853]; fatty acid beta-oxidation [GO:0006635]; fatty acid metabolic process [GO:0006631]; long-chain fatty acid transport [GO:0015909]; response to blue light [GO:0009637],carnitine O-palmitoyltransferase activity [GO:0004095]
Q13085,Q13085,reviewed,ACACA_HUMAN,Acetyl-CoA carboxylase 1 (ACC1) (EC 6.4.1.2) (Acetyl-Coenzyme A carboxylase alpha) (ACC-alpha),ACACA ACAC ACC1 ACCA,Homo sapiens (Human),2346,acetyl-CoA metabolic process [GO:0006084]; cellular response to prostaglandin E stimulus [GO:0071380]; fatty acid biosynthetic process [GO:0006633]; fatty-acyl-CoA biosynthetic process [GO:0046949]; lipid homeostasis [GO:0055088]; malonyl-CoA biosynthetic process [GO:2001295]; protein homotetramerization [GO:0051289]; tissue homeostasis [GO:0001894],actin cytoskeleton [GO:0015629]; cytosol [GO:0005829]; fibrillar center [GO:0001650]; mitochondrion [GO:0005739],actin cytoskeleton [GO:0015629]; cytosol [GO:0005829]; fibrillar center [GO:0001650]; mitochondrion [GO:0005739]; acetyl-CoA carboxylase activity [GO:0003989]; ATP binding [GO:0005524]; identical protein binding [GO:0042802]; metal ion binding [GO:0046872]; acetyl-CoA metabolic process [GO:0006084]; cellular response to prostaglandin E stimulus [GO:0071380]; fatty acid biosynthetic process [GO:0006633]; fatty-acyl-CoA biosynthetic process [GO:0046949]; lipid homeostasis [GO:0055088]; malonyl-CoA biosynthetic process [GO:2001295]; protein homotetramerization [GO:0051289]; tissue homeostasis [GO:0001894],acetyl-CoA carboxylase activity [GO:0003989]; ATP binding [GO:0005524]; identical protein binding [GO:0042802]; metal ion binding [GO:0046872]
O14521,O14521,reviewed,DHSD_HUMAN,"Succinate dehydrogenase [ubiquinone] cytochrome b small subunit, mitochondrial (CybS) (CII-4) (Malate dehydrogenase [quinone] cytochrome b small subunit) (QPs3) (Succinate dehydrogenase complex subunit D) (Succinate-ubiquinone oxidoreductase cytochrome b small subunit) (Succinate-ubiquinone reductase membrane anchor subunit)",SDHD SDH4,Homo sapiens (Human),159,"cellular response to hypoxia [GO:0071456]; mitochondrial electron transport, succinate to ubiquinone [GO:0006121]; proton motive force-driven mitochondrial ATP synthesis [GO:0042776]; regulation of catecholamine secretion [GO:0050433]; tricarboxylic acid cycle [GO:0006099]",mitochondrial envelope [GO:0005740]; mitochondrial inner membrane [GO:0005743]; mitochondrion [GO:0005739]; respiratory chain complex II (succinate dehydrogenase) [GO:0045273],"mitochondrial envelope [GO:0005740]; mitochondrial inner membrane [GO:0005743]; mitochondrion [GO:0005739]; respiratory chain complex II (succinate dehydrogenase) [GO:0045273]; electron transfer activity [GO:0009055]; heme binding [GO:0020037]; metal ion binding [GO:0046872]; succinate dehydrogenase (quinone) activity [GO:0008177]; ubiquinone binding [GO:0048039]; cellular response to hypoxia [GO:0071456]; mitochondrial electron transport, succinate to ubiquinone [GO:0006121]; proton motive force-driven mitochondrial ATP synthesis [GO:0042776]; regulation of catecholamine secretion [GO:0050433]; tricarboxylic acid cycle [GO:0006099]",electron transfer activity [GO:0009055]; heme binding [GO:0020037]; metal ion binding [GO:0046872]; succinate dehydrogenase (quinone) activity [GO:0008177]; ubiquinone binding [GO:0048039]
O75521,O75521,reviewed,ECI2_HUMAN,"Enoyl-CoA delta isomerase 2 (EC 5.3.3.8) (DRS-1) (Delta(3),delta(2)-enoyl-CoA isomerase) (D3,D2-enoyl-CoA isomerase) (Diazepam-binding inhibitor-related protein 1) (DBI-related protein 1) (Dodecenoyl-CoA isomerase) (Hepatocellular carcinoma-associated antigen 88) (Peroxisomal 3,2-trans-enoyl-CoA isomerase) (pECI) (Renal carcinoma antigen NY-REN-1)",ECI2 DRS1 HCA88 PECI,Homo sapiens (Human),394,fatty acid beta-oxidation [GO:0006635]; fatty acid catabolic process [GO:0009062],cytosol [GO:0005829]; membrane [GO:0016020]; mitochondrion [GO:0005739]; peroxisomal matrix [GO:0005782]; peroxisome [GO:0005777],cytosol [GO:0005829]; membrane [GO:0016020]; mitochondrion [GO:0005739]; peroxisomal matrix [GO:0005782]; peroxisome [GO:0005777]; delta(3)-delta(2)-enoyl-CoA isomerase activity [GO:0004165]; fatty-acyl-CoA binding [GO:0000062]; fatty acid beta-oxidation [GO:0006635]; fatty acid catabolic process [GO:0009062],delta(3)-delta(2)-enoyl-CoA isomerase activity [GO:0004165]; fatty-acyl-CoA binding [GO:0000062]
Q96A26,Q96A26,reviewed,F162A_HUMAN,Protein FAM162A (E2-induced gene 5 protein) (Growth and transformation-dependent protein) (HGTD-P),FAM162A C3orf28 E2IG5 DC16 FWP001,Homo sapiens (Human),154,cellular response to hypoxia [GO:0071456]; neuron apoptotic process [GO:0051402]; positive regulation of apoptotic process [GO:0043065]; positive regulation of release of cytochrome c from mitochondria [GO:0090200],cytosol [GO:0005829]; mitochondrial membrane [GO:0031966]; mitochondrion [GO:0005739],cytosol [GO:0005829]; mitochondrial membrane [GO:0031966]; mitochondrion [GO:0005739]; cellular response to hypoxia [GO:0071456]; neuron apoptotic process [GO:0051402]; positive regulation of apoptotic process [GO:0043065]; positive regulation of release of cytochrome c from mitochondria [GO:0090200],
P54922,P54922,reviewed,ADPRH_HUMAN,ADP-ribosylhydrolase ARH1 (EC 3.2.2.19) (ADP-ribose-L-arginine cleaving enzyme) ([Protein ADP-ribosylarginine] hydrolase) (ADP-ribosylarginine hydrolase) (hARH1),ADPRH ARH1,Homo sapiens (Human),357,protein de-ADP-ribosylation [GO:0051725]; protein modification process [GO:0036211],extracellular space [GO:0005615],extracellular space [GO:0005615]; ADP-ribosylarginine hydrolase activity [GO:0003875]; magnesium ion binding [GO:0000287]; potassium ion binding [GO:0030955]; protein de-ADP-ribosylation [GO:0051725]; protein modification process [GO:0036211],ADP-ribosylarginine hydrolase activity [GO:0003875]; magnesium ion binding [GO:0000287]; potassium ion binding [GO:0030955]
O95210,O95210,reviewed,STBD1_HUMAN,Starch-binding domain-containing protein 1 (Genethonin-1) (Glycophagy cargo receptor STBD1),STBD1 GENX-3414,Homo sapiens (Human),358,glycogen catabolic process [GO:0005980]; glycophagy [GO:0061723]; lysosomal transport [GO:0007041]; substrate localization to autophagosome [GO:0061753],endoplasmic reticulum [GO:0005783]; endoplasmic reticulum membrane [GO:0005789]; ficolin-1-rich granule membrane [GO:0101003]; membrane [GO:0016020]; perinuclear region of cytoplasm [GO:0048471]; phagophore assembly site membrane [GO:0034045]; plasma membrane [GO:0005886]; T-tubule [GO:0030315]; tertiary granule membrane [GO:0070821],endoplasmic reticulum [GO:0005783]; endoplasmic reticulum membrane [GO:0005789]; ficolin-1-rich granule membrane [GO:0101003]; membrane [GO:0016020]; perinuclear region of cytoplasm [GO:0048471]; phagophore assembly site membrane [GO:0034045]; plasma membrane [GO:0005886]; T-tubule [GO:0030315]; tertiary granule membrane [GO:0070821]; cargo receptor activity [GO:0038024]; enzyme binding [GO:0019899]; glycogen binding [GO:2001069]; polysaccharide binding [GO:0030247]; starch binding [GO:2001070]; glycogen catabolic process [GO:0005980]; glycophagy [GO:0061723]; lysosomal transport [GO:0007041]; substrate localization to autophagosome [GO:0061753],cargo receptor activity [GO:0038024]; enzyme binding [GO:0019899]; glycogen binding [GO:2001069]; polysaccharide binding [GO:0030247]; starch binding [GO:2001070]
Q9NSD9,Q9NSD9,reviewed,SYFB_HUMAN,Phenylalanine--tRNA ligase beta subunit (EC 6.1.1.20) (Phenylalanyl-tRNA synthetase beta subunit) (PheRS),FARSB FARSLB FRSB HSPC173,Homo sapiens (Human),589,phenylalanyl-tRNA aminoacylation [GO:0006432]; protein heterotetramerization [GO:0051290]; translation [GO:0006412],cytoplasm [GO:0005737]; cytosol [GO:0005829]; membrane [GO:0016020]; phenylalanine-tRNA ligase complex [GO:0009328],cytoplasm [GO:0005737]; cytosol [GO:0005829]; membrane [GO:0016020]; phenylalanine-tRNA ligase complex [GO:0009328]; ATP binding [GO:0005524]; magnesium ion binding [GO:0000287]; phenylalanine-tRNA ligase activity [GO:0004826]; RNA binding [GO:0003723]; phenylalanyl-tRNA aminoacylation [GO:0006432]; protein heterotetramerization [GO:0051290]; translation [GO:0006412],ATP binding [GO:0005524]; magnesium ion binding [GO:0000287]; phenylalanine-tRNA ligase activity [GO:0004826]; RNA binding [GO:0003723]
O95563,O95563,reviewed,MPC2_HUMAN,Mitochondrial pyruvate carrier 2 (Brain protein 44),MPC2 BRP44,Homo sapiens (Human),127,positive regulation of insulin secretion involved in cellular response to glucose stimulus [GO:0035774]; pyruvate decarboxylation to acetyl-CoA [GO:0006086]; pyruvate import into mitochondria [GO:0006850],inner mitochondrial membrane protein complex [GO:0098800]; mitochondrial inner membrane [GO:0005743]; mitochondrial pyruvate carrier complex [GO:7770001]; mitochondrion [GO:0005739]; nucleus [GO:0005634],inner mitochondrial membrane protein complex [GO:0098800]; mitochondrial inner membrane [GO:0005743]; mitochondrial pyruvate carrier complex [GO:7770001]; mitochondrion [GO:0005739]; nucleus [GO:0005634]; identical protein binding [GO:0042802]; pyruvate transmembrane transporter activity [GO:0050833]; positive regulation of insulin secretion involved in cellular response to glucose stimulus [GO:0035774]; pyruvate decarboxylation to acetyl-CoA [GO:0006086]; pyruvate import into mitochondria [GO:0006850],identical protein binding [GO:0042802]; pyruvate transmembrane transporter activity [GO:0050833]
Q96MG2,Q96MG2,reviewed,JSPR1_HUMAN,Junctional sarcoplasmic reticulum protein 1 (Junctional-face membrane protein of 45 kDa homolog) (JP-45),JSRP1 JP45,Homo sapiens (Human),331,skeletal muscle contraction [GO:0003009],sarcoplasmic reticulum [GO:0016529]; sarcoplasmic reticulum membrane [GO:0033017],sarcoplasmic reticulum [GO:0016529]; sarcoplasmic reticulum membrane [GO:0033017]; skeletal muscle contraction [GO:0003009],
Q7Z406,Q7Z406,reviewed,MYH14_HUMAN,"Myosin-14 (Myosin heavy chain 14) (Myosin heavy chain, non-muscle IIc) (Non-muscle myosin heavy chain IIc) (NMHC II-C)",MYH14 KIAA2034 FP17425,Homo sapiens (Human),1995,actin filament-based movement [GO:0030048]; actomyosin structure organization [GO:0031032]; mitochondrion organization [GO:0007005]; mitotic cytokinesis [GO:0000281]; neuronal action potential [GO:0019228]; regulation of cell shape [GO:0008360]; sensory perception of sound [GO:0007605]; skeletal muscle contraction [GO:0003009]; skeletal muscle tissue development [GO:0007519]; vocalization behavior [GO:0071625],actomyosin [GO:0042641]; brush border [GO:0005903]; cytoplasm [GO:0005737]; cytosol [GO:0005829]; extracellular exosome [GO:0070062]; growth cone [GO:0030426]; membrane [GO:0016020]; myosin filament [GO:0032982]; myosin II complex [GO:0016460]; myosin II filament [GO:0097513]; stress fiber [GO:0001725],actomyosin [GO:0042641]; brush border [GO:0005903]; cytoplasm [GO:0005737]; cytosol [GO:0005829]; extracellular exosome [GO:0070062]; growth cone [GO:0030426]; membrane [GO:0016020]; myosin filament [GO:0032982]; myosin II complex [GO:0016460]; myosin II filament [GO:0097513]; stress fiber [GO:0001725]; actin filament binding [GO:0051015]; ATP binding [GO:0005524]; calmodulin binding [GO:0005516]; microfilament motor activity [GO:0000146]; actin filament-based movement [GO:0030048]; actomyosin structure organization [GO:0031032]; mitochondrion organization [GO:0007005]; mitotic cytokinesis [GO:0000281]; neuronal action potential [GO:0019228]; regulation of cell shape [GO:0008360]; sensory perception of sound [GO:0007605]; skeletal muscle contraction [GO:0003009]; skeletal muscle tissue development [GO:0007519]; vocalization behavior [GO:0071625],actin filament binding [GO:0051015]; ATP binding [GO:0005524]; calmodulin binding [GO:0005516]; microfilament motor activity [GO:0000146]
Q9NR28,Q9NR28,reviewed,DBLOH_HUMAN,"Diablo IAP-binding mitochondrial protein (Diablo homolog, mitochondrial) (Direct IAP-binding protein with low pI) (Second mitochondria-derived activator of caspases) (SMAC) [Cleaved into: Diablo IAP-binding mitochondrial protein, cleaved form]",DIABLO SMAC,Homo sapiens (Human),239,apoptotic process [GO:0006915]; apoptotic signaling pathway [GO:0097190]; extrinsic apoptotic signaling pathway via death domain receptors [GO:0008625]; intrinsic apoptotic signaling pathway [GO:0097193]; intrinsic apoptotic signaling pathway in response to oxidative stress [GO:0008631]; neuron apoptotic process [GO:0051402]; positive regulation of apoptotic process [GO:0043065],CD40 receptor complex [GO:0035631]; centriole [GO:0005814]; cytoplasmic side of plasma membrane [GO:0009898]; cytosol [GO:0005829]; mitochondrial intermembrane space [GO:0005758]; mitochondrion [GO:0005739]; sperm end piece [GO:0097229]; sperm midpiece [GO:0097225]; sperm principal piece [GO:0097228],CD40 receptor complex [GO:0035631]; centriole [GO:0005814]; cytoplasmic side of plasma membrane [GO:0009898]; cytosol [GO:0005829]; mitochondrial intermembrane space [GO:0005758]; mitochondrion [GO:0005739]; sperm end piece [GO:0097229]; sperm midpiece [GO:0097225]; sperm principal piece [GO:0097228]; apoptotic process [GO:0006915]; apoptotic signaling pathway [GO:0097190]; extrinsic apoptotic signaling pathway via death domain receptors [GO:0008625]; intrinsic apoptotic signaling pathway [GO:0097193]; intrinsic apoptotic signaling pathway in response to oxidative stress [GO:0008631]; neuron apoptotic process [GO:0051402]; positive regulation of apoptotic process [GO:0043065],
Q9NZJ6,Q9NZJ6,reviewed,COQ3_HUMAN,"Ubiquinone biosynthesis O-methyltransferase, mitochondrial (3-demethylubiquinol 3-O-methyltransferase) (EC 2.1.1.64) (3-demethylubiquinone 3-O-methyltransferase) (EC 2.1.1.-) (Polyprenyldihydroxybenzoate methyltransferase) (EC 2.1.1.114)",COQ3 UG0215E05,Homo sapiens (Human),369,glycerol metabolic process [GO:0006071]; methylation [GO:0032259]; ubiquinone biosynthetic process [GO:0006744],extrinsic component of mitochondrial inner membrane [GO:0031314]; mitochondrial inner membrane [GO:0005743]; mitochondrial matrix [GO:0005759]; mitochondrion [GO:0005739]; ubiquinone biosynthesis complex [GO:0110142],extrinsic component of mitochondrial inner membrane [GO:0031314]; mitochondrial inner membrane [GO:0005743]; mitochondrial matrix [GO:0005759]; mitochondrion [GO:0005739]; ubiquinone biosynthesis complex [GO:0110142]; 3-demethylubiquinol 3-O-methyltransferase activity [GO:0061542]; 3-demethylubiquinone 3-O-methyltransferase activity [GO:0120537]; O-methyltransferase activity [GO:0008171]; polyprenyldihydroxybenzoate methyltransferase activity [GO:0010420]; glycerol metabolic process [GO:0006071]; methylation [GO:0032259]; ubiquinone biosynthetic process [GO:0006744],3-demethylubiquinol 3-O-methyltransferase activity [GO:0061542]; 3-demethylubiquinone 3-O-methyltransferase activity [GO:0120537]; O-methyltransferase activity [GO:0008171]; polyprenyldihydroxybenzoate methyltransferase activity [GO:0010420]
P30837,P30837,reviewed,AL1B1_HUMAN,"Aldehyde dehydrogenase X, mitochondrial (EC 1.2.1.3) (Aldehyde dehydrogenase 5) (Aldehyde dehydrogenase family 1 member B1)",ALDH1B1 ALDH5 ALDHX,Homo sapiens (Human),517,aldehyde metabolic process [GO:0006081]; carbohydrate metabolic process [GO:0005975]; ethanol catabolic process [GO:0006068],cytosol [GO:0005829]; mitochondrial matrix [GO:0005759]; mitochondrion [GO:0005739]; nucleoplasm [GO:0005654],cytosol [GO:0005829]; mitochondrial matrix [GO:0005759]; mitochondrion [GO:0005739]; nucleoplasm [GO:0005654]; aldehyde dehydrogenase (NAD+) activity [GO:0004029]; NAD binding [GO:0051287]; aldehyde metabolic process [GO:0006081]; carbohydrate metabolic process [GO:0005975]; ethanol catabolic process [GO:0006068],aldehyde dehydrogenase (NAD+) activity [GO:0004029]; NAD binding [GO:0051287]
Q6IAN0,Q6IAN0,reviewed,PEXRP_HUMAN,Peroxisomal reductase activating PPAR-gamma (PexRAP) (EC 1.1.1.101) (Dehydrogenase/reductase SDR family member 7B) (Short-chain dehydrogenase/reductase family 32C member 1) (Protein SDR32C1),DHRS7B SDR32C1 CGI-93 UNQ212/PRO238,Homo sapiens (Human),325,ether lipid biosynthetic process [GO:0008611],endoplasmic reticulum membrane [GO:0005789]; membrane [GO:0016020]; peroxisomal membrane [GO:0005778],endoplasmic reticulum membrane [GO:0005789]; membrane [GO:0016020]; peroxisomal membrane [GO:0005778]; acylglycerone-phosphate reductase (NADP+) activity [GO:0000140]; ether lipid biosynthetic process [GO:0008611],acylglycerone-phosphate reductase (NADP+) activity [GO:0000140]
Q13554,Q13554,reviewed,KCC2B_HUMAN,Calcium/calmodulin-dependent protein kinase type II subunit beta (CaM kinase II subunit beta) (CaMK-II subunit beta) (EC 2.7.11.17),CAMK2B CAM2 CAMK2 CAMKB,Homo sapiens (Human),666,cell differentiation [GO:0030154]; long-term synaptic potentiation [GO:0060291]; nervous system development [GO:0007399]; positive regulation of dendritic spine morphogenesis [GO:0061003]; positive regulation of neuron projection development [GO:0010976]; positive regulation of synapse maturation [GO:0090129]; protein autophosphorylation [GO:0046777]; protein phosphorylation [GO:0006468]; regulation of calcium ion transport [GO:0051924]; regulation of dendritic spine development [GO:0060998]; regulation of long-term neuronal synaptic plasticity [GO:0048169]; regulation of neuron migration [GO:2001222]; regulation of neuronal synaptic plasticity [GO:0048168]; regulation of protein localization to plasma membrane [GO:1903076]; regulation of skeletal muscle adaptation [GO:0014733]; regulation of synapse structural plasticity [GO:0051823]; signal transduction [GO:0007165],calcium- and calmodulin-dependent protein kinase complex [GO:0005954]; centrosome [GO:0005813]; cytoplasm [GO:0005737]; cytosol [GO:0005829]; endocytic vesicle membrane [GO:0030666]; neuron projection [GO:0043005]; nucleoplasm [GO:0005654]; postsynaptic density [GO:0014069]; sarcoplasmic reticulum membrane [GO:0033017],calcium- and calmodulin-dependent protein kinase complex [GO:0005954]; centrosome [GO:0005813]; cytoplasm [GO:0005737]; cytosol [GO:0005829]; endocytic vesicle membrane [GO:0030666]; neuron projection [GO:0043005]; nucleoplasm [GO:0005654]; postsynaptic density [GO:0014069]; sarcoplasmic reticulum membrane [GO:0033017]; actin binding [GO:0003779]; ATP binding [GO:0005524]; calcium/calmodulin-dependent protein kinase activity [GO:0004683]; calmodulin binding [GO:0005516]; identical protein binding [GO:0042802]; protein homodimerization activity [GO:0042803]; protein serine kinase activity [GO:0106310]; cell differentiation [GO:0030154]; long-term synaptic potentiation [GO:0060291]; nervous system development [GO:0007399]; positive regulation of dendritic spine morphogenesis [GO:0061003]; positive regulation of neuron projection development [GO:0010976]; positive regulation of synapse maturation [GO:0090129]; protein autophosphorylation [GO:0046777]; protein phosphorylation [GO:0006468]; regulation of calcium ion transport [GO:0051924]; regulation of dendritic spine development [GO:0060998]; regulation of long-term neuronal synaptic plasticity [GO:0048169]; regulation of neuron migration [GO:2001222]; regulation of neuronal synaptic plasticity [GO:0048168]; regulation of protein localization to plasma membrane [GO:1903076]; regulation of skeletal muscle adaptation [GO:0014733]; regulation of synapse structural plasticity [GO:0051823]; signal transduction [GO:0007165],actin binding [GO:0003779]; ATP binding [GO:0005524]; calcium/calmodulin-dependent protein kinase activity [GO:0004683]; calmodulin binding [GO:0005516]; identical protein binding [GO:0042802]; protein homodimerization activity [GO:0042803]; protein serine kinase activity [GO:0106310]
P55060,P55060,reviewed,XPO2_HUMAN,Exportin-2 (Exp2) (Cellular apoptosis susceptibility protein) (Chromosome segregation 1-like protein) (Importin-alpha re-exporter),CSE1L CAS XPO2,Homo sapiens (Human),971,protein export from nucleus [GO:0006611]; protein import into nucleus [GO:0006606],cytoplasm [GO:0005737]; cytosol [GO:0005829]; extracellular exosome [GO:0070062]; membrane [GO:0016020]; nuclear envelope [GO:0005635]; nucleoplasm [GO:0005654]; nucleus [GO:0005634],cytoplasm [GO:0005737]; cytosol [GO:0005829]; extracellular exosome [GO:0070062]; membrane [GO:0016020]; nuclear envelope [GO:0005635]; nucleoplasm [GO:0005654]; nucleus [GO:0005634]; nuclear export signal receptor activity [GO:0005049]; small GTPase binding [GO:0031267]; protein export from nucleus [GO:0006611]; protein import into nucleus [GO:0006606],nuclear export signal receptor activity [GO:0005049]; small GTPase binding [GO:0031267]
Q13326,Q13326,reviewed,SGCG_HUMAN,Gamma-sarcoglycan (Gamma-SG) (35 kDa dystrophin-associated glycoprotein) (35DAG),SGCG,Homo sapiens (Human),291,cardiac muscle tissue development [GO:0048738]; gene expression [GO:0010467]; heart contraction [GO:0060047]; muscle organ development [GO:0007517],cytoskeleton [GO:0005856]; endoplasmic reticulum membrane [GO:0005789]; plasma membrane [GO:0005886]; sarcoglycan complex [GO:0016012]; sarcolemma [GO:0042383],cytoskeleton [GO:0005856]; endoplasmic reticulum membrane [GO:0005789]; plasma membrane [GO:0005886]; sarcoglycan complex [GO:0016012]; sarcolemma [GO:0042383]; cardiac muscle tissue development [GO:0048738]; gene expression [GO:0010467]; heart contraction [GO:0060047]; muscle organ development [GO:0007517],
Q14249,Q14249,reviewed,NUCG_HUMAN,"Endonuclease G, mitochondrial (Endo G) (EC 3.1.30.-)",ENDOG,Homo sapiens (Human),297,apoptotic DNA fragmentation [GO:0006309]; cellular response to calcium ion [GO:0071277]; cellular response to glucose stimulus [GO:0071333]; cellular response to hypoxia [GO:0071456]; cellular response to oxidative stress [GO:0034599]; DNA damage response [GO:0006974]; DNA recombination [GO:0006310]; in utero embryonic development [GO:0001701]; mitochondrial DNA catabolic process [GO:0032043]; negative regulation of TOR signaling [GO:0032007]; positive regulation of apoptotic DNA fragmentation [GO:1902512]; positive regulation of apoptotic process [GO:0043065]; positive regulation of autophagy [GO:0010508]; positive regulation of hydrogen peroxide-mediated programmed cell death [GO:1901300]; positive regulation of mitochondrial DNA replication [GO:0090297]; response to antibiotic [GO:0046677]; response to estradiol [GO:0032355]; response to mechanical stimulus [GO:0009612]; response to tumor necrosis factor [GO:0034612],mitochondrial inner membrane [GO:0005743]; mitochondrion [GO:0005739]; nucleus [GO:0005634]; perikaryon [GO:0043204]; perinuclear region of cytoplasm [GO:0048471],mitochondrial inner membrane [GO:0005743]; mitochondrion [GO:0005739]; nucleus [GO:0005634]; perikaryon [GO:0043204]; perinuclear region of cytoplasm [GO:0048471]; DNA endonuclease activity [GO:0004520]; magnesium ion binding [GO:0000287]; nucleic acid binding [GO:0003676]; protein homodimerization activity [GO:0042803]; RNA endonuclease activity [GO:0004521]; single-stranded DNA endodeoxyribonuclease activity [GO:0000014]; apoptotic DNA fragmentation [GO:0006309]; cellular response to calcium ion [GO:0071277]; cellular response to glucose stimulus [GO:0071333]; cellular response to hypoxia [GO:0071456]; cellular response to oxidative stress [GO:0034599]; DNA damage response [GO:0006974]; DNA recombination [GO:0006310]; in utero embryonic development [GO:0001701]; mitochondrial DNA catabolic process [GO:0032043]; negative regulation of TOR signaling [GO:0032007]; positive regulation of apoptotic DNA fragmentation [GO:1902512]; positive regulation of apoptotic process [GO:0043065]; positive regulation of autophagy [GO:0010508]; positive regulation of hydrogen peroxide-mediated programmed cell death [GO:1901300]; positive regulation of mitochondrial DNA replication [GO:0090297]; response to antibiotic [GO:0046677]; response to estradiol [GO:0032355]; response to mechanical stimulus [GO:0009612]; response to tumor necrosis factor [GO:0034612],DNA endonuclease activity [GO:0004520]; magnesium ion binding [GO:0000287]; nucleic acid binding [GO:0003676]; protein homodimerization activity [GO:0042803]; RNA endonuclease activity [GO:0004521]; single-stranded DNA endodeoxyribonuclease activity [GO:0000014]
P55809,P55809,reviewed,SCOT1_HUMAN,"Succinyl-CoA:3-ketoacid coenzyme A transferase 1, mitochondrial (SCOT) (EC 2.8.3.5) (3-oxoacid CoA-transferase 1) (Somatic-type succinyl-CoA:3-oxoacid CoA-transferase) (SCOT-s) (Succinyl-CoA:3-oxoacid CoA transferase)",OXCT1 OXCT SCOT,Homo sapiens (Human),520,adipose tissue development [GO:0060612]; heart development [GO:0007507]; ketone body catabolic process [GO:0046952]; ketone body metabolic process [GO:1902224]; ketone catabolic process [GO:0042182]; positive regulation of insulin secretion involved in cellular response to glucose stimulus [GO:0035774]; response to activity [GO:0014823]; response to ethanol [GO:0045471]; response to hormone [GO:0009725]; response to nutrient [GO:0007584]; response to starvation [GO:0042594]; response to xenobiotic stimulus [GO:0009410],mitochondrial matrix [GO:0005759]; mitochondrion [GO:0005739],mitochondrial matrix [GO:0005759]; mitochondrion [GO:0005739]; identical protein binding [GO:0042802]; succinyl-CoA:3-oxo-acid CoA-transferase activity [GO:0008260]; adipose tissue development [GO:0060612]; heart development [GO:0007507]; ketone body catabolic process [GO:0046952]; ketone body metabolic process [GO:1902224]; ketone catabolic process [GO:0042182]; positive regulation of insulin secretion involved in cellular response to glucose stimulus [GO:0035774]; response to activity [GO:0014823]; response to ethanol [GO:0045471]; response to hormone [GO:0009725]; response to nutrient [GO:0007584]; response to starvation [GO:0042594]; response to xenobiotic stimulus [GO:0009410],identical protein binding [GO:0042802]; succinyl-CoA:3-oxo-acid CoA-transferase activity [GO:0008260]
P83111,P83111,reviewed,LACTB_HUMAN,"Serine beta-lactamase-like protein LACTB, mitochondrial (EC 3.4.-.-)",LACTB MRPL56 UNQ843/PRO1781,Homo sapiens (Human),547,lipid metabolic process [GO:0006629]; proteolysis [GO:0006508]; regulation of lipid metabolic process [GO:0019216],cytosol [GO:0005829]; mitochondrion [GO:0005739],cytosol [GO:0005829]; mitochondrion [GO:0005739]; identical protein binding [GO:0042802]; peptidase activity [GO:0008233]; lipid metabolic process [GO:0006629]; proteolysis [GO:0006508]; regulation of lipid metabolic process [GO:0019216],identical protein binding [GO:0042802]; peptidase activity [GO:0008233]
P11182,P11182,reviewed,ODB2_HUMAN,"Lipoamide acyltransferase component of branched-chain alpha-keto acid dehydrogenase complex, mitochondrial (EC 2.3.1.168) (52 kDa mitochondrial autoantigen of primary biliary cirrhosis) (Branched chain 2-oxo-acid dehydrogenase complex component E2) (BCOADC-E2) (Branched-chain alpha-keto acid dehydrogenase complex component E2) (BCKAD-E2) (BCKADE2) (BCKDH-E2) (Dihydrolipoamide acetyltransferase component of branched-chain alpha-keto acid dehydrogenase complex) (Dihydrolipoamide branched chain transacylase) (Dihydrolipoyllysine-residue (2-methylpropanoyl)transferase)",DBT BCATE2 BCKDHE2,Homo sapiens (Human),482,branched-chain alpha-keto acid decarboxylation to branched-chain acyl-CoA [GO:0120552]; branched-chain amino acid catabolic process [GO:0009083],branched-chain alpha-ketoacid dehydrogenase complex [GO:0160157]; cytosol [GO:0005829]; microtubule cytoskeleton [GO:0015630]; mitochondrial matrix [GO:0005759]; mitochondrial nucleoid [GO:0042645]; mitochondrion [GO:0005739],"branched-chain alpha-ketoacid dehydrogenase complex [GO:0160157]; cytosol [GO:0005829]; microtubule cytoskeleton [GO:0015630]; mitochondrial matrix [GO:0005759]; mitochondrial nucleoid [GO:0042645]; mitochondrion [GO:0005739]; acyltransferase activity, transferring groups other than amino-acyl groups [GO:0016747]; dihydrolipoamide branched chain acyltransferase activity [GO:0043754]; ubiquitin protein ligase binding [GO:0031625]; branched-chain alpha-keto acid decarboxylation to branched-chain acyl-CoA [GO:0120552]; branched-chain amino acid catabolic process [GO:0009083]","acyltransferase activity, transferring groups other than amino-acyl groups [GO:0016747]; dihydrolipoamide branched chain acyltransferase activity [GO:0043754]; ubiquitin protein ligase binding [GO:0031625]"
P03928,P03928,reviewed,ATP8_HUMAN,ATP synthase F(0) complex subunit 8 (A6L) (F-ATPase subunit 8),MT-ATP8 ATP8 ATPASE8 MTATP8,Homo sapiens (Human),68,proton motive force-driven ATP synthesis [GO:0015986]; proton motive force-driven mitochondrial ATP synthesis [GO:0042776],mitochondrial inner membrane [GO:0005743]; mitochondrion [GO:0005739]; proton-transporting ATP synthase complex [GO:0045259],mitochondrial inner membrane [GO:0005743]; mitochondrion [GO:0005739]; proton-transporting ATP synthase complex [GO:0045259]; proton transmembrane transporter activity [GO:0015078]; proton motive force-driven ATP synthesis [GO:0015986]; proton motive force-driven mitochondrial ATP synthesis [GO:0042776],proton transmembrane transporter activity [GO:0015078]
O43169,O43169,reviewed,CYB5B_HUMAN,Cytochrome b5 type B (Cytochrome b5 outer mitochondrial membrane isoform),CYB5B CYB5M OMB5,Homo sapiens (Human),150,nitric oxide biosynthetic process [GO:0006809]; response to oxidative stress [GO:0006979]; xenobiotic metabolic process [GO:0006805],endoplasmic reticulum membrane [GO:0005789]; membrane [GO:0016020]; mitochondrial outer membrane [GO:0005741]; nitric-oxide synthase complex [GO:1903958],endoplasmic reticulum membrane [GO:0005789]; membrane [GO:0016020]; mitochondrial outer membrane [GO:0005741]; nitric-oxide synthase complex [GO:1903958]; heme binding [GO:0020037]; metal ion binding [GO:0046872]; nitric oxide biosynthetic process [GO:0006809]; response to oxidative stress [GO:0006979]; xenobiotic metabolic process [GO:0006805],heme binding [GO:0020037]; metal ion binding [GO:0046872]
P56211,P56211,reviewed,ARP19_HUMAN,cAMP-regulated phosphoprotein 19 (ARPP-19),ARPP19,Homo sapiens (Human),112,cell division [GO:0051301]; G2/M transition of mitotic cell cycle [GO:0000086]; mitotic cell cycle [GO:0000278]; positive regulation of D-glucose import [GO:0046326]; positive regulation of gluconeogenesis [GO:0045722],cytoplasm [GO:0005737]; nucleoplasm [GO:0005654],cytoplasm [GO:0005737]; nucleoplasm [GO:0005654]; phosphatase inhibitor activity [GO:0019212]; potassium channel regulator activity [GO:0015459]; protein phosphatase 2A binding [GO:0051721]; protein phosphatase inhibitor activity [GO:0004864]; protein phosphatase regulator activity [GO:0019888]; signaling receptor binding [GO:0005102]; cell division [GO:0051301]; G2/M transition of mitotic cell cycle [GO:0000086]; mitotic cell cycle [GO:0000278]; positive regulation of D-glucose import [GO:0046326]; positive regulation of gluconeogenesis [GO:0045722],phosphatase inhibitor activity [GO:0019212]; potassium channel regulator activity [GO:0015459]; protein phosphatase 2A binding [GO:0051721]; protein phosphatase inhibitor activity [GO:0004864]; protein phosphatase regulator activity [GO:0019888]; signaling receptor binding [GO:0005102]
Q9UKU7,Q9UKU7,reviewed,ACAD8_HUMAN,"Isobutyryl-CoA dehydrogenase, mitochondrial (IBDH) (EC 1.3.8.5) (Activator-recruited cofactor 42 kDa component) (ARC42) (Acyl-CoA dehydrogenase family member 8) (ACAD-8)",ACAD8 ARC42 IBD,Homo sapiens (Human),415,L-valine catabolic process [GO:0006574]; lipid metabolic process [GO:0006629],mitochondrial matrix [GO:0005759]; mitochondrion [GO:0005739],mitochondrial matrix [GO:0005759]; mitochondrion [GO:0005739]; acyl-CoA dehydrogenase activity [GO:0003995]; flavin adenine dinucleotide binding [GO:0050660]; short-chain 2-methyl fatty acyl-CoA dehydrogenase activity [GO:0003853]; L-valine catabolic process [GO:0006574]; lipid metabolic process [GO:0006629],acyl-CoA dehydrogenase activity [GO:0003995]; flavin adenine dinucleotide binding [GO:0050660]; short-chain 2-methyl fatty acyl-CoA dehydrogenase activity [GO:0003853]
Q9NQE9,Q9NQE9,reviewed,HINT3_HUMAN,Adenosine 5'-monophosphoramidase HINT3 (EC 3.9.1.-) (Histidine triad nucleotide-binding protein 3) (HINT-3),HINT3,Homo sapiens (Human),182,,cytoplasm [GO:0005737]; mitochondrion [GO:0005739]; nucleus [GO:0005634],cytoplasm [GO:0005737]; mitochondrion [GO:0005739]; nucleus [GO:0005634]; adenosine 5'-monophosphoramidase activity [GO:0043530]; identical protein binding [GO:0042802]; nucleotide binding [GO:0000166],adenosine 5'-monophosphoramidase activity [GO:0043530]; identical protein binding [GO:0042802]; nucleotide binding [GO:0000166]
Q9Y2R0,Q9Y2R0,reviewed,COA3_HUMAN,"Cytochrome c oxidase assembly factor 3 homolog, mitochondrial (Coiled-coil domain-containing protein 56) (Mitochondrial translation regulation assembly intermediate of cytochrome c oxidase protein of 12 kDa)",COA3 CCDC56 MITRAC12 HSPC009,Homo sapiens (Human),106,mitochondrial respiratory chain complex IV assembly [GO:0033617]; positive regulation of mitochondrial translation [GO:0070131],mitochondrial inner membrane [GO:0005743]; mitochondrion [GO:0005739],mitochondrial inner membrane [GO:0005743]; mitochondrion [GO:0005739]; mitochondrial respiratory chain complex IV assembly [GO:0033617]; positive regulation of mitochondrial translation [GO:0070131],
P03905,P03905,reviewed,NU4M_HUMAN,NADH-ubiquinone oxidoreductase chain 4 (EC 7.1.1.2) (NADH dehydrogenase subunit 4),MT-ND4 MTND4 NADH4 ND4,Homo sapiens (Human),459,"aerobic respiration [GO:0009060]; cerebellum development [GO:0021549]; electron transport coupled proton transport [GO:0015990]; in utero embryonic development [GO:0001701]; mitochondrial electron transport, NADH to ubiquinone [GO:0006120]; mitochondrial respiratory chain complex I assembly [GO:0032981]; proton motive force-driven mitochondrial ATP synthesis [GO:0042776]; response to ethanol [GO:0045471]; response to hypoxia [GO:0001666]; response to nicotine [GO:0035094]",mitochondrial inner membrane [GO:0005743]; mitochondrion [GO:0005739]; respiratory chain complex I [GO:0045271],"mitochondrial inner membrane [GO:0005743]; mitochondrion [GO:0005739]; respiratory chain complex I [GO:0045271]; NADH dehydrogenase (ubiquinone) activity [GO:0008137]; ubiquinone binding [GO:0048039]; aerobic respiration [GO:0009060]; cerebellum development [GO:0021549]; electron transport coupled proton transport [GO:0015990]; in utero embryonic development [GO:0001701]; mitochondrial electron transport, NADH to ubiquinone [GO:0006120]; mitochondrial respiratory chain complex I assembly [GO:0032981]; proton motive force-driven mitochondrial ATP synthesis [GO:0042776]; response to ethanol [GO:0045471]; response to hypoxia [GO:0001666]; response to nicotine [GO:0035094]",NADH dehydrogenase (ubiquinone) activity [GO:0008137]; ubiquinone binding [GO:0048039]
P50416,P50416,reviewed,CPT1A_HUMAN,"Carnitine O-palmitoyltransferase 1, liver isoform (CPT1-L) (EC 2.3.1.21) (Carnitine O-palmitoyltransferase I, liver isoform) (CPT I) (CPTI-L) (Carnitine palmitoyltransferase 1A) (Succinyltransferase CPT1A) (EC 2.3.1.-)",CPT1A CPT1,Homo sapiens (Human),773,aflatoxin metabolic process [GO:0046222]; carnitine metabolic process [GO:0009437]; carnitine shuttle [GO:0006853]; cellular response to fatty acid [GO:0071398]; eating behavior [GO:0042755]; epithelial cell differentiation [GO:0030855]; fatty acid beta-oxidation [GO:0006635]; fatty acid metabolic process [GO:0006631]; glucose metabolic process [GO:0006006]; liver regeneration [GO:0097421]; long-chain fatty acid metabolic process [GO:0001676]; positive regulation of fatty acid beta-oxidation [GO:0032000]; positive regulation of innate immune response [GO:0045089]; regulation of insulin secretion [GO:0050796]; response to alkaloid [GO:0043279]; response to ethanol [GO:0045471]; response to hypoxia [GO:0001666]; response to nutrient [GO:0007584]; response to tetrachloromethane [GO:1904772]; response to xenobiotic stimulus [GO:0009410]; triglyceride metabolic process [GO:0006641],membrane [GO:0016020]; mitochondrial outer membrane [GO:0005741]; mitochondrion [GO:0005739],membrane [GO:0016020]; mitochondrial outer membrane [GO:0005741]; mitochondrion [GO:0005739]; carnitine O-palmitoyltransferase activity [GO:0004095]; identical protein binding [GO:0042802]; protein-macromolecule adaptor activity [GO:0030674]; aflatoxin metabolic process [GO:0046222]; carnitine metabolic process [GO:0009437]; carnitine shuttle [GO:0006853]; cellular response to fatty acid [GO:0071398]; eating behavior [GO:0042755]; epithelial cell differentiation [GO:0030855]; fatty acid beta-oxidation [GO:0006635]; fatty acid metabolic process [GO:0006631]; glucose metabolic process [GO:0006006]; liver regeneration [GO:0097421]; long-chain fatty acid metabolic process [GO:0001676]; positive regulation of fatty acid beta-oxidation [GO:0032000]; positive regulation of innate immune response [GO:0045089]; regulation of insulin secretion [GO:0050796]; response to alkaloid [GO:0043279]; response to ethanol [GO:0045471]; response to hypoxia [GO:0001666]; response to nutrient [GO:0007584]; response to tetrachloromethane [GO:1904772]; response to xenobiotic stimulus [GO:0009410]; triglyceride metabolic process [GO:0006641],carnitine O-palmitoyltransferase activity [GO:0004095]; identical protein binding [GO:0042802]; protein-macromolecule adaptor activity [GO:0030674]
P40261,P40261,reviewed,NNMT_HUMAN,Nicotinamide N-methyltransferase (EC 2.1.1.1),NNMT,Homo sapiens (Human),264,methylation [GO:0032259]; NAD+ catabolic process [GO:0019677]; nicotinamide metabolic process [GO:0006769]; nicotinate metabolic process [GO:1901847]; positive regulation of gluconeogenesis [GO:0045722]; positive regulation of protein deacetylation [GO:0090312],cytosol [GO:0005829],cytosol [GO:0005829]; nicotinamide N-methyltransferase activity [GO:0008112]; pyridine N-methyltransferase activity [GO:0030760]; methylation [GO:0032259]; NAD+ catabolic process [GO:0019677]; nicotinamide metabolic process [GO:0006769]; nicotinate metabolic process [GO:1901847]; positive regulation of gluconeogenesis [GO:0045722]; positive regulation of protein deacetylation [GO:0090312],nicotinamide N-methyltransferase activity [GO:0008112]; pyridine N-methyltransferase activity [GO:0030760]
Q9UMS0,Q9UMS0,reviewed,NFU1_HUMAN,"NFU1 iron-sulfur cluster scaffold homolog, mitochondrial (HIRA-interacting protein 5)",NFU1 HIRIP5 CGI-33,Homo sapiens (Human),254,iron-sulfur cluster assembly [GO:0016226]; protein maturation [GO:0051604],cytosol [GO:0005829]; mitochondrial matrix [GO:0005759]; mitochondrion [GO:0005739]; nucleoplasm [GO:0005654]; nucleus [GO:0005634],"cytosol [GO:0005829]; mitochondrial matrix [GO:0005759]; mitochondrion [GO:0005739]; nucleoplasm [GO:0005654]; nucleus [GO:0005634]; 2 iron, 2 sulfur cluster binding [GO:0051537]; 4 iron, 4 sulfur cluster binding [GO:0051539]; iron ion binding [GO:0005506]; iron-sulfur cluster assembly [GO:0016226]; protein maturation [GO:0051604]","2 iron, 2 sulfur cluster binding [GO:0051537]; 4 iron, 4 sulfur cluster binding [GO:0051539]; iron ion binding [GO:0005506]"
Q99766,Q99766,reviewed,ATP5S_HUMAN,"ATP synthase subunit s, mitochondrial (ATP synthase-coupling factor B) (FB) (Distal membrane arm assembly complex 2-like protein) (Mitochondrial ATP synthase regulatory component factor B)",DMAC2L ATP5S ATPW,Homo sapiens (Human),200,ATP biosynthetic process [GO:0006754]; proton transmembrane transport [GO:1902600],cytoplasm [GO:0005737]; mitochondrial inner membrane [GO:0005743]; mitochondrion [GO:0005739]; proton-transporting ATP synthase complex [GO:0045259],cytoplasm [GO:0005737]; mitochondrial inner membrane [GO:0005743]; mitochondrion [GO:0005739]; proton-transporting ATP synthase complex [GO:0045259]; metal ion binding [GO:0046872]; proton transmembrane transporter activity [GO:0015078]; ATP biosynthetic process [GO:0006754]; proton transmembrane transport [GO:1902600],metal ion binding [GO:0046872]; proton transmembrane transporter activity [GO:0015078]
O94925,O94925,reviewed,GLSK_HUMAN,"Glutaminase kidney isoform, mitochondrial (GLS) (EC 3.5.1.2) (K-glutaminase) (L-glutamine amidohydrolase) [Cleaved into: Glutaminase kidney isoform, mitochondrial 68 kDa chain; Glutaminase kidney isoform, mitochondrial 65 kDa chain]",GLS GLS1 KIAA0838,Homo sapiens (Human),669,chemical synaptic transmission [GO:0007268]; glutamate biosynthetic process [GO:0006537]; intracellular glutamate homeostasis [GO:0090461]; L-glutamine catabolic process [GO:0006543]; protein homotetramerization [GO:0051289]; regulation of respiratory gaseous exchange by nervous system process [GO:0002087]; suckling behavior [GO:0001967],cytosol [GO:0005829]; mitochondrial matrix [GO:0005759]; mitochondrion [GO:0005739]; synapse [GO:0045202],cytosol [GO:0005829]; mitochondrial matrix [GO:0005759]; mitochondrion [GO:0005739]; synapse [GO:0045202]; glutaminase activity [GO:0004359]; chemical synaptic transmission [GO:0007268]; glutamate biosynthetic process [GO:0006537]; intracellular glutamate homeostasis [GO:0090461]; L-glutamine catabolic process [GO:0006543]; protein homotetramerization [GO:0051289]; regulation of respiratory gaseous exchange by nervous system process [GO:0002087]; suckling behavior [GO:0001967],glutaminase activity [GO:0004359]
Q13586,Q13586,reviewed,STIM1_HUMAN,Stromal interaction molecule 1,STIM1 GOK,Homo sapiens (Human),685,activation of store-operated calcium channel activity [GO:0032237]; detection of calcium ion [GO:0005513]; enamel mineralization [GO:0070166]; intracellular calcium ion homeostasis [GO:0006874]; positive regulation of adenylate cyclase activity [GO:0045762]; positive regulation of angiogenesis [GO:0045766]; regulation of calcium ion transport [GO:0051924]; regulation of store-operated calcium entry [GO:2001256]; store-operated calcium entry [GO:0002115],cortical endoplasmic reticulum [GO:0032541]; endoplasmic reticulum [GO:0005783]; endoplasmic reticulum membrane [GO:0005789]; microtubule [GO:0005874]; plasma membrane [GO:0005886]; plasma membrane raft [GO:0044853]; sarcoplasmic reticulum membrane [GO:0033017],cortical endoplasmic reticulum [GO:0032541]; endoplasmic reticulum [GO:0005783]; endoplasmic reticulum membrane [GO:0005789]; microtubule [GO:0005874]; plasma membrane [GO:0005886]; plasma membrane raft [GO:0044853]; sarcoplasmic reticulum membrane [GO:0033017]; calcium channel regulator activity [GO:0005246]; calcium ion binding [GO:0005509]; identical protein binding [GO:0042802]; microtubule plus-end binding [GO:0051010]; protease binding [GO:0002020]; activation of store-operated calcium channel activity [GO:0032237]; detection of calcium ion [GO:0005513]; enamel mineralization [GO:0070166]; intracellular calcium ion homeostasis [GO:0006874]; positive regulation of adenylate cyclase activity [GO:0045762]; positive regulation of angiogenesis [GO:0045766]; regulation of calcium ion transport [GO:0051924]; regulation of store-operated calcium entry [GO:2001256]; store-operated calcium entry [GO:0002115],calcium channel regulator activity [GO:0005246]; calcium ion binding [GO:0005509]; identical protein binding [GO:0042802]; microtubule plus-end binding [GO:0051010]; protease binding [GO:0002020]
Q9UIQ6,Q9UIQ6,reviewed,LCAP_HUMAN,"Leucyl-cystinyl aminopeptidase (Cystinyl aminopeptidase) (EC 3.4.11.3) (Insulin-regulated membrane aminopeptidase) (Insulin-responsive aminopeptidase) (IRAP) (Oxytocinase) (OTase) (Placental leucine aminopeptidase) (P-LAP) [Cleaved into: Leucyl-cystinyl aminopeptidase, pregnancy serum form]",LNPEP OTASE,Homo sapiens (Human),1025,"antigen processing and presentation of exogenous peptide antigen via MHC class I, TAP-independent [GO:0002480]; cell-cell signaling [GO:0007267]; female pregnancy [GO:0007565]; negative regulation of cold-induced thermogenesis [GO:0120163]; neuropeptide catabolic process [GO:0010813]; protein catabolic process [GO:0030163]; protein polyubiquitination [GO:0000209]; proteolysis [GO:0006508]; regulation of blood pressure [GO:0008217]",cytoplasmic vesicle membrane [GO:0030659]; cytosol [GO:0005829]; early endosome lumen [GO:0031905]; extracellular region [GO:0005576]; lysosomal membrane [GO:0005765]; membrane [GO:0016020]; perinuclear region of cytoplasm [GO:0048471]; plasma membrane [GO:0005886],"cytoplasmic vesicle membrane [GO:0030659]; cytosol [GO:0005829]; early endosome lumen [GO:0031905]; extracellular region [GO:0005576]; lysosomal membrane [GO:0005765]; membrane [GO:0016020]; perinuclear region of cytoplasm [GO:0048471]; plasma membrane [GO:0005886]; aminopeptidase activity [GO:0004177]; metalloaminopeptidase activity [GO:0070006]; metallopeptidase activity [GO:0008237]; zinc ion binding [GO:0008270]; antigen processing and presentation of exogenous peptide antigen via MHC class I, TAP-independent [GO:0002480]; cell-cell signaling [GO:0007267]; female pregnancy [GO:0007565]; negative regulation of cold-induced thermogenesis [GO:0120163]; neuropeptide catabolic process [GO:0010813]; protein catabolic process [GO:0030163]; protein polyubiquitination [GO:0000209]; proteolysis [GO:0006508]; regulation of blood pressure [GO:0008217]",aminopeptidase activity [GO:0004177]; metalloaminopeptidase activity [GO:0070006]; metallopeptidase activity [GO:0008237]; zinc ion binding [GO:0008270]
O95140,O95140,reviewed,MFN2_HUMAN,Mitofusin-2 (EC 3.6.5.-) (Transmembrane GTPase MFN2),MFN2 CPRP1 KIAA0214,Homo sapiens (Human),757,aerobic respiration [GO:0009060]; apoptotic process [GO:0006915]; blastocyst formation [GO:0001825]; camera-type eye morphogenesis [GO:0048593]; mitochondrial fusion [GO:0008053]; mitochondrial membrane organization [GO:0007006]; mitochondrion localization [GO:0051646]; negative regulation of Ras protein signal transduction [GO:0046580]; negative regulation of smooth muscle cell proliferation [GO:0048662]; positive regulation of cold-induced thermogenesis [GO:0120162]; positive regulation of vascular associated smooth muscle cell apoptotic process [GO:1905461]; positive regulation of vascular associated smooth muscle cell proliferation [GO:1904707]; protein localization to phagophore assembly site [GO:0034497]; protein targeting to mitochondrion [GO:0006626]; response to unfolded protein [GO:0006986]; type 2 mitophagy [GO:0061734],cytosol [GO:0005829]; microtubule cytoskeleton [GO:0015630]; mitochondrial outer membrane [GO:0005741]; mitochondrion [GO:0005739],cytosol [GO:0005829]; microtubule cytoskeleton [GO:0015630]; mitochondrial outer membrane [GO:0005741]; mitochondrion [GO:0005739]; GTP binding [GO:0005525]; GTPase activity [GO:0003924]; ubiquitin protein ligase binding [GO:0031625]; aerobic respiration [GO:0009060]; apoptotic process [GO:0006915]; blastocyst formation [GO:0001825]; camera-type eye morphogenesis [GO:0048593]; mitochondrial fusion [GO:0008053]; mitochondrial membrane organization [GO:0007006]; mitochondrion localization [GO:0051646]; negative regulation of Ras protein signal transduction [GO:0046580]; negative regulation of smooth muscle cell proliferation [GO:0048662]; positive regulation of cold-induced thermogenesis [GO:0120162]; positive regulation of vascular associated smooth muscle cell apoptotic process [GO:1905461]; positive regulation of vascular associated smooth muscle cell proliferation [GO:1904707]; protein localization to phagophore assembly site [GO:0034497]; protein targeting to mitochondrion [GO:0006626]; response to unfolded protein [GO:0006986]; type 2 mitophagy [GO:0061734],GTP binding [GO:0005525]; GTPase activity [GO:0003924]; ubiquitin protein ligase binding [GO:0031625]
Q7Z434,Q7Z434,reviewed,MAVS_HUMAN,Mitochondrial antiviral-signaling protein (MAVS) (CARD adapter inducing interferon beta) (Cardif) (Interferon beta promoter stimulator protein 1) (IPS-1) (Putative NF-kappa-B-activating protein 031N) (Virus-induced-signaling adapter) (VISA),MAVS IPS1 KIAA1271 VISA,Homo sapiens (Human),540,activation of innate immune response [GO:0002218]; antiviral innate immune response [GO:0140374]; cellular response to exogenous dsRNA [GO:0071360]; cellular response to interferon-beta [GO:0035458]; cytoplasmic pattern recognition receptor signaling pathway [GO:0002753]; defense response to bacterium [GO:0042742]; defense response to virus [GO:0051607]; innate immune response [GO:0045087]; intracellular signal transduction [GO:0035556]; negative regulation of viral genome replication [GO:0045071]; positive regulation of canonical NF-kappaB signal transduction [GO:0043123]; positive regulation of chemokine (C-C motif) ligand 5 production [GO:0071651]; positive regulation of defense response to virus by host [GO:0002230]; positive regulation of interferon-alpha production [GO:0032727]; positive regulation of interferon-beta production [GO:0032728]; positive regulation of interleukin-6 production [GO:0032755]; positive regulation of interleukin-8 production [GO:0032757]; positive regulation of IP-10 production [GO:0071660]; positive regulation of myeloid dendritic cell cytokine production [GO:0002735]; positive regulation of NLRP3 inflammasome complex assembly [GO:1900227]; positive regulation of protein import into nucleus [GO:0042307]; positive regulation of response to cytokine stimulus [GO:0060760]; positive regulation of transcription by RNA polymerase II [GO:0045944]; positive regulation of tumor necrosis factor production [GO:0032760]; positive regulation of type I interferon production [GO:0032481]; positive regulation of type I interferon-mediated signaling pathway [GO:0060340]; protein localization to mitochondrion [GO:0070585]; protein tetramerization [GO:0051262]; regulation of peroxisome organization [GO:1900063]; signal transduction [GO:0007165]; type I interferon-mediated signaling pathway [GO:0060337],mitochondrial membrane [GO:0031966]; mitochondrial outer membrane [GO:0005741]; mitochondrion [GO:0005739]; peroxisomal membrane [GO:0005778]; ubiquitin ligase complex [GO:0000151],mitochondrial membrane [GO:0031966]; mitochondrial outer membrane [GO:0005741]; mitochondrion [GO:0005739]; peroxisomal membrane [GO:0005778]; ubiquitin ligase complex [GO:0000151]; CARD domain binding [GO:0050700]; DNA-binding transcription factor binding [GO:0140297]; identical protein binding [GO:0042802]; molecular adaptor activity [GO:0060090]; molecular condensate scaffold activity [GO:0140693]; protein kinase binding [GO:0019901]; protein serine/threonine kinase binding [GO:0120283]; protein-macromolecule adaptor activity [GO:0030674]; signaling adaptor activity [GO:0035591]; activation of innate immune response [GO:0002218]; antiviral innate immune response [GO:0140374]; cellular response to exogenous dsRNA [GO:0071360]; cellular response to interferon-beta [GO:0035458]; cytoplasmic pattern recognition receptor signaling pathway [GO:0002753]; defense response to bacterium [GO:0042742]; defense response to virus [GO:0051607]; innate immune response [GO:0045087]; intracellular signal transduction [GO:0035556]; negative regulation of viral genome replication [GO:0045071]; positive regulation of canonical NF-kappaB signal transduction [GO:0043123]; positive regulation of chemokine (C-C motif) ligand 5 production [GO:0071651]; positive regulation of defense response to virus by host [GO:0002230]; positive regulation of interferon-alpha production [GO:0032727]; positive regulation of interferon-beta production [GO:0032728]; positive regulation of interleukin-6 production [GO:0032755]; positive regulation of interleukin-8 production [GO:0032757]; positive regulation of IP-10 production [GO:0071660]; positive regulation of myeloid dendritic cell cytokine production [GO:0002735]; positive regulation of NLRP3 inflammasome complex assembly [GO:1900227]; positive regulation of protein import into nucleus [GO:0042307]; positive regulation of response to cytokine stimulus [GO:0060760]; positive regulation of transcription by RNA polymerase II [GO:0045944]; positive regulation of tumor necrosis factor production [GO:0032760]; positive regulation of type I interferon production [GO:0032481]; positive regulation of type I interferon-mediated signaling pathway [GO:0060340]; protein localization to mitochondrion [GO:0070585]; protein tetramerization [GO:0051262]; regulation of peroxisome organization [GO:1900063]; signal transduction [GO:0007165]; type I interferon-mediated signaling pathway [GO:0060337],CARD domain binding [GO:0050700]; DNA-binding transcription factor binding [GO:0140297]; identical protein binding [GO:0042802]; molecular adaptor activity [GO:0060090]; molecular condensate scaffold activity [GO:0140693]; protein kinase binding [GO:0019901]; protein serine/threonine kinase binding [GO:0120283]; protein-macromolecule adaptor activity [GO:0030674]; signaling adaptor activity [GO:0035591]
Q9HCC0,Q9HCC0,reviewed,MCCB_HUMAN,"Methylcrotonoyl-CoA carboxylase beta chain, mitochondrial (MCCase subunit beta) (EC 6.4.1.4) (3-methylcrotonyl-CoA carboxylase 2) (3-methylcrotonyl-CoA carboxylase non-biotin-containing subunit) (3-methylcrotonyl-CoA:carbon dioxide ligase subunit beta)",MCCC2 MCCB,Homo sapiens (Human),563,branched-chain amino acid catabolic process [GO:0009083]; coenzyme A metabolic process [GO:0015936]; L-leucine catabolic process [GO:0006552],cytosol [GO:0005829]; methylcrotonoyl-CoA carboxylase complex [GO:1905202]; mitochondrial matrix [GO:0005759]; mitochondrion [GO:0005739],cytosol [GO:0005829]; methylcrotonoyl-CoA carboxylase complex [GO:1905202]; mitochondrial matrix [GO:0005759]; mitochondrion [GO:0005739]; ATP binding [GO:0005524]; methylcrotonoyl-CoA carboxylase activity [GO:0004485]; branched-chain amino acid catabolic process [GO:0009083]; coenzyme A metabolic process [GO:0015936]; L-leucine catabolic process [GO:0006552],ATP binding [GO:0005524]; methylcrotonoyl-CoA carboxylase activity [GO:0004485]
P43897,P43897,reviewed,EFTS_HUMAN,"Elongation factor Ts, mitochondrial (EF-Ts) (EF-TsMt)",TSFM,Homo sapiens (Human),325,mitochondrial translational elongation [GO:0070125],mitochondrion [GO:0005739]; nucleoplasm [GO:0005654],mitochondrion [GO:0005739]; nucleoplasm [GO:0005654]; guanyl-nucleotide exchange factor activity [GO:0005085]; RNA binding [GO:0003723]; translation elongation factor activity [GO:0003746]; mitochondrial translational elongation [GO:0070125],guanyl-nucleotide exchange factor activity [GO:0005085]; RNA binding [GO:0003723]; translation elongation factor activity [GO:0003746]
Q9BU61,Q9BU61,reviewed,NDUF3_HUMAN,NADH dehydrogenase [ubiquinone] 1 alpha subcomplex assembly factor 3,NDUFAF3 C3orf60,Homo sapiens (Human),184,mitochondrial respiratory chain complex I assembly [GO:0032981],mitochondrial inner membrane [GO:0005743]; mitochondrion [GO:0005739]; nucleus [GO:0005634],mitochondrial inner membrane [GO:0005743]; mitochondrion [GO:0005739]; nucleus [GO:0005634]; mitochondrial respiratory chain complex I assembly [GO:0032981],
P14678,P14678,reviewed,RSMB_HUMAN,Small nuclear ribonucleoprotein-associated proteins B and B' (snRNP-B) (Sm protein B/B') (Sm-B/B') (SmB/B'),SNRPB COD SNRPB1,Homo sapiens (Human),240,"7-methylguanosine cap hypermethylation [GO:0036261]; mRNA splicing, via spliceosome [GO:0000398]; protein methylation [GO:0006479]; RNA splicing [GO:0008380]; spliceosomal snRNP assembly [GO:0000387]; U2-type prespliceosome assembly [GO:1903241]",catalytic step 2 spliceosome [GO:0071013]; cytoplasm [GO:0005737]; cytosol [GO:0005829]; histone pre-mRNA 3'end processing complex [GO:0071204]; methylosome [GO:0034709]; nucleoplasm [GO:0005654]; nucleus [GO:0005634]; small nuclear ribonucleoprotein complex [GO:0030532]; SMN-Sm protein complex [GO:0034719]; spliceosomal complex [GO:0005681]; telomerase holoenzyme complex [GO:0005697]; U1 snRNP [GO:0005685]; U12-type spliceosomal complex [GO:0005689]; U2 snRNP [GO:0005686]; U2-type catalytic step 2 spliceosome [GO:0071007]; U2-type precatalytic spliceosome [GO:0071005]; U2-type prespliceosome [GO:0071004]; U2-type spliceosomal complex [GO:0005684]; U4 snRNP [GO:0005687]; U4/U6 x U5 tri-snRNP complex [GO:0046540]; U5 snRNP [GO:0005682]; U7 snRNP [GO:0005683],"catalytic step 2 spliceosome [GO:0071013]; cytoplasm [GO:0005737]; cytosol [GO:0005829]; histone pre-mRNA 3'end processing complex [GO:0071204]; methylosome [GO:0034709]; nucleoplasm [GO:0005654]; nucleus [GO:0005634]; small nuclear ribonucleoprotein complex [GO:0030532]; SMN-Sm protein complex [GO:0034719]; spliceosomal complex [GO:0005681]; telomerase holoenzyme complex [GO:0005697]; U1 snRNP [GO:0005685]; U12-type spliceosomal complex [GO:0005689]; U2 snRNP [GO:0005686]; U2-type catalytic step 2 spliceosome [GO:0071007]; U2-type precatalytic spliceosome [GO:0071005]; U2-type prespliceosome [GO:0071004]; U2-type spliceosomal complex [GO:0005684]; U4 snRNP [GO:0005687]; U4/U6 x U5 tri-snRNP complex [GO:0046540]; U5 snRNP [GO:0005682]; U7 snRNP [GO:0005683]; histone pre-mRNA DCP binding [GO:0071208]; RNA binding [GO:0003723]; snRNP binding [GO:0070990]; telomerase RNA binding [GO:0070034]; U1 snRNP binding [GO:1990446]; U2 snRNP binding [GO:1990447]; 7-methylguanosine cap hypermethylation [GO:0036261]; mRNA splicing, via spliceosome [GO:0000398]; protein methylation [GO:0006479]; RNA splicing [GO:0008380]; spliceosomal snRNP assembly [GO:0000387]; U2-type prespliceosome assembly [GO:1903241]",histone pre-mRNA DCP binding [GO:0071208]; RNA binding [GO:0003723]; snRNP binding [GO:0070990]; telomerase RNA binding [GO:0070034]; U1 snRNP binding [GO:1990446]; U2 snRNP binding [GO:1990447]
Q9UDT6,Q9UDT6,reviewed,CLIP2_HUMAN,CAP-Gly domain-containing linker protein 2 (Cytoplasmic linker protein 115) (CLIP-115) (Cytoplasmic linker protein 2) (Williams-Beuren syndrome chromosomal region 3 protein) (Williams-Beuren syndrome chromosomal region 4 protein),CLIP2 CYLN2 KIAA0291 WBSCR3 WBSCR4 WSCR4,Homo sapiens (Human),1046,cytoplasmic microtubule organization [GO:0031122],cell cortex [GO:0005938]; microtubule associated complex [GO:0005875]; microtubule plus-end [GO:0035371]; nucleus [GO:0005634],cell cortex [GO:0005938]; microtubule associated complex [GO:0005875]; microtubule plus-end [GO:0035371]; nucleus [GO:0005634]; microtubule binding [GO:0008017]; microtubule plus-end binding [GO:0051010]; cytoplasmic microtubule organization [GO:0031122],microtubule binding [GO:0008017]; microtubule plus-end binding [GO:0051010]
Q12955,Q12955,reviewed,ANK3_HUMAN,Ankyrin-3 (ANK-3) (Ankyrin-G),ANK3,Homo sapiens (Human),4377,axonogenesis [GO:0007409]; cellular response to magnesium ion [GO:0071286]; establishment of protein localization [GO:0045184]; Golgi to plasma membrane protein transport [GO:0043001]; magnesium ion homeostasis [GO:0010960]; maintenance of protein location in plasma membrane [GO:0072660]; membrane assembly [GO:0071709]; mitotic cytokinesis [GO:0000281]; negative regulation of delayed rectifier potassium channel activity [GO:1902260]; neuromuscular junction development [GO:0007528]; neuronal action potential [GO:0019228]; plasma membrane organization [GO:0007009]; positive regulation of cell communication by electrical coupling [GO:0010650]; positive regulation of gene expression [GO:0010628]; positive regulation of homotypic cell-cell adhesion [GO:0034112]; positive regulation of membrane depolarization during cardiac muscle cell action potential [GO:1900827]; positive regulation of membrane potential [GO:0045838]; positive regulation of protein targeting to membrane [GO:0090314]; positive regulation of sodium ion transport [GO:0010765]; protein localization to axon [GO:0099612]; protein localization to plasma membrane [GO:0072659]; regulation of potassium ion transport [GO:0043266]; signal transduction [GO:0007165],axon initial segment [GO:0043194]; basal plasma membrane [GO:0009925]; basolateral plasma membrane [GO:0016323]; cell surface [GO:0009986]; costamere [GO:0043034]; cytosol [GO:0005829]; dendrite [GO:0030425]; endoplasmic reticulum [GO:0005783]; Golgi apparatus [GO:0005794]; intercalated disc [GO:0014704]; lateral plasma membrane [GO:0016328]; lysosome [GO:0005764]; neuromuscular junction [GO:0031594]; neuron projection [GO:0043005]; node of Ranvier [GO:0033268]; plasma membrane [GO:0005886]; postsynaptic membrane [GO:0045211]; sarcolemma [GO:0042383]; sarcoplasmic reticulum [GO:0016529]; spectrin-associated cytoskeleton [GO:0014731]; T-tubule [GO:0030315]; Z disc [GO:0030018],axon initial segment [GO:0043194]; basal plasma membrane [GO:0009925]; basolateral plasma membrane [GO:0016323]; cell surface [GO:0009986]; costamere [GO:0043034]; cytosol [GO:0005829]; dendrite [GO:0030425]; endoplasmic reticulum [GO:0005783]; Golgi apparatus [GO:0005794]; intercalated disc [GO:0014704]; lateral plasma membrane [GO:0016328]; lysosome [GO:0005764]; neuromuscular junction [GO:0031594]; neuron projection [GO:0043005]; node of Ranvier [GO:0033268]; plasma membrane [GO:0005886]; postsynaptic membrane [GO:0045211]; sarcolemma [GO:0042383]; sarcoplasmic reticulum [GO:0016529]; spectrin-associated cytoskeleton [GO:0014731]; T-tubule [GO:0030315]; Z disc [GO:0030018]; cadherin binding [GO:0045296]; channel activator activity [GO:0099103]; cytoskeletal anchor activity [GO:0008093]; cytoskeletal protein binding [GO:0008092]; protein-macromolecule adaptor activity [GO:0030674]; sodium channel regulator activity [GO:0017080]; spectrin binding [GO:0030507]; structural constituent of cytoskeleton [GO:0005200]; transmembrane transporter binding [GO:0044325]; axonogenesis [GO:0007409]; cellular response to magnesium ion [GO:0071286]; establishment of protein localization [GO:0045184]; Golgi to plasma membrane protein transport [GO:0043001]; magnesium ion homeostasis [GO:0010960]; maintenance of protein location in plasma membrane [GO:0072660]; membrane assembly [GO:0071709]; mitotic cytokinesis [GO:0000281]; negative regulation of delayed rectifier potassium channel activity [GO:1902260]; neuromuscular junction development [GO:0007528]; neuronal action potential [GO:0019228]; plasma membrane organization [GO:0007009]; positive regulation of cell communication by electrical coupling [GO:0010650]; positive regulation of gene expression [GO:0010628]; positive regulation of homotypic cell-cell adhesion [GO:0034112]; positive regulation of membrane depolarization during cardiac muscle cell action potential [GO:1900827]; positive regulation of membrane potential [GO:0045838]; positive regulation of protein targeting to membrane [GO:0090314]; positive regulation of sodium ion transport [GO:0010765]; protein localization to axon [GO:0099612]; protein localization to plasma membrane [GO:0072659]; regulation of potassium ion transport [GO:0043266]; signal transduction [GO:0007165],cadherin binding [GO:0045296]; channel activator activity [GO:0099103]; cytoskeletal anchor activity [GO:0008093]; cytoskeletal protein binding [GO:0008092]; protein-macromolecule adaptor activity [GO:0030674]; sodium channel regulator activity [GO:0017080]; spectrin binding [GO:0030507]; structural constituent of cytoskeleton [GO:0005200]; transmembrane transporter binding [GO:0044325]
Q13405,Q13405,reviewed,RM49_HUMAN,"Large ribosomal subunit protein mL49 (39S ribosomal protein L49, mitochondrial) (L49mt) (MRP-L49) (Neighbor of FAU) (NOF) (Protein NOF1)",MRPL49 C11orf4 NOF1 OK/SW-cl.67,Homo sapiens (Human),166,mitochondrial translation [GO:0032543],mitochondrial inner membrane [GO:0005743]; mitochondrial large ribosomal subunit [GO:0005762]; mitochondrial ribosome [GO:0005761]; mitochondrion [GO:0005739],mitochondrial inner membrane [GO:0005743]; mitochondrial large ribosomal subunit [GO:0005762]; mitochondrial ribosome [GO:0005761]; mitochondrion [GO:0005739]; structural constituent of ribosome [GO:0003735]; mitochondrial translation [GO:0032543],structural constituent of ribosome [GO:0003735]
Q9UK41,Q9UK41,reviewed,VPS28_HUMAN,Vacuolar protein sorting-associated protein 28 homolog (H-Vps28) (ESCRT-I complex subunit VPS28),VPS28,Homo sapiens (Human),221,macroautophagy [GO:0016236]; membrane fission [GO:0090148]; multivesicular body assembly [GO:0036258]; negative regulation of protein ubiquitination [GO:0031397]; positive regulation of protein catabolic process [GO:0045732]; positive regulation of ubiquitin-dependent endocytosis [GO:2000397]; protein transport to vacuole involved in ubiquitin-dependent protein catabolic process via the multivesicular body sorting pathway [GO:0043328]; ubiquitin-dependent protein catabolic process via the multivesicular body sorting pathway [GO:0043162]; viral budding via host ESCRT complex [GO:0039702],cytoplasm [GO:0005737]; cytosol [GO:0005829]; early endosome [GO:0005769]; endosome [GO:0005768]; endosome membrane [GO:0010008]; ESCRT I complex [GO:0000813]; extracellular exosome [GO:0070062]; late endosome membrane [GO:0031902]; plasma membrane [GO:0005886],cytoplasm [GO:0005737]; cytosol [GO:0005829]; early endosome [GO:0005769]; endosome [GO:0005768]; endosome membrane [GO:0010008]; ESCRT I complex [GO:0000813]; extracellular exosome [GO:0070062]; late endosome membrane [GO:0031902]; plasma membrane [GO:0005886]; protein-containing complex binding [GO:0044877]; ubiquitin binding [GO:0043130]; macroautophagy [GO:0016236]; membrane fission [GO:0090148]; multivesicular body assembly [GO:0036258]; negative regulation of protein ubiquitination [GO:0031397]; positive regulation of protein catabolic process [GO:0045732]; positive regulation of ubiquitin-dependent endocytosis [GO:2000397]; protein transport to vacuole involved in ubiquitin-dependent protein catabolic process via the multivesicular body sorting pathway [GO:0043328]; ubiquitin-dependent protein catabolic process via the multivesicular body sorting pathway [GO:0043162]; viral budding via host ESCRT complex [GO:0039702],protein-containing complex binding [GO:0044877]; ubiquitin binding [GO:0043130]
Q8TD19,Q8TD19,reviewed,NEK9_HUMAN,Serine/threonine-protein kinase Nek9 (EC 2.7.11.38) (Nercc1 kinase) (Never in mitosis A-related kinase 9) (NimA-related protein kinase 9) (NimA-related kinase 8) (Nek8),NEK9 KIAA1995 NEK8 NERCC,Homo sapiens (Human),979,cell division [GO:0051301]; mitotic cell cycle [GO:0000278]; regulation of mitotic cell cycle [GO:0007346],cytosol [GO:0005829]; nucleus [GO:0005634],cytosol [GO:0005829]; nucleus [GO:0005634]; ATP binding [GO:0005524]; metal ion binding [GO:0046872]; protein kinase activator activity [GO:0030295]; protein kinase binding [GO:0019901]; protein serine kinase activity [GO:0106310]; protein serine/threonine kinase activity [GO:0004674]; cell division [GO:0051301]; mitotic cell cycle [GO:0000278]; regulation of mitotic cell cycle [GO:0007346],ATP binding [GO:0005524]; metal ion binding [GO:0046872]; protein kinase activator activity [GO:0030295]; protein kinase binding [GO:0019901]; protein serine kinase activity [GO:0106310]; protein serine/threonine kinase activity [GO:0004674]
P78356,P78356,reviewed,PI42B_HUMAN,Phosphatidylinositol 5-phosphate 4-kinase type-2 beta (EC 2.7.1.149) (1-phosphatidylinositol 5-phosphate 4-kinase 2-beta) (Diphosphoinositide kinase 2-beta) (Phosphatidylinositol 5-phosphate 4-kinase type II beta) (PI(5)P 4-kinase type II beta) (PIP4KII-beta) (PtdIns(5)P-4-kinase isoform 2-beta),PIP4K2B PIP5K2B,Homo sapiens (Human),416,"1-phosphatidyl-1D-myo-inositol 4,5-bisphosphate biosynthetic process [GO:1902635]; autophagosome-lysosome fusion [GO:0061909]; cell surface receptor signaling pathway [GO:0007166]; negative regulation of insulin receptor signaling pathway [GO:0046627]; phosphatidylinositol phosphate biosynthetic process [GO:0046854]; positive regulation of autophagosome assembly [GO:2000786]; regulation of autophagy [GO:0010506]",autophagosome [GO:0005776]; cytosol [GO:0005829]; endoplasmic reticulum membrane [GO:0005789]; nucleoplasm [GO:0005654]; nucleus [GO:0005634]; plasma membrane [GO:0005886],"autophagosome [GO:0005776]; cytosol [GO:0005829]; endoplasmic reticulum membrane [GO:0005789]; nucleoplasm [GO:0005654]; nucleus [GO:0005634]; plasma membrane [GO:0005886]; 1-phosphatidylinositol-4-phosphate 5-kinase activity [GO:0016308]; 1-phosphatidylinositol-5-phosphate 4-kinase activity [GO:0016309]; ATP binding [GO:0005524]; GTP binding [GO:0005525]; protein homodimerization activity [GO:0042803]; 1-phosphatidyl-1D-myo-inositol 4,5-bisphosphate biosynthetic process [GO:1902635]; autophagosome-lysosome fusion [GO:0061909]; cell surface receptor signaling pathway [GO:0007166]; negative regulation of insulin receptor signaling pathway [GO:0046627]; phosphatidylinositol phosphate biosynthetic process [GO:0046854]; positive regulation of autophagosome assembly [GO:2000786]; regulation of autophagy [GO:0010506]",1-phosphatidylinositol-4-phosphate 5-kinase activity [GO:0016308]; 1-phosphatidylinositol-5-phosphate 4-kinase activity [GO:0016309]; ATP binding [GO:0005524]; GTP binding [GO:0005525]; protein homodimerization activity [GO:0042803]